Ticker,AAPL,BBCA.JK,BBRI.JK,GOOG
ticker,AAPL,BBCA.JK,BBRI.JK,GOOG
Date,,,,
2023-08-28,178.44219970703125,8639.8115234375,4818.83740234375,131.01124572753906
2023-08-29,182.3340301513672,8686.7666015625,4862.2509765625,134.68939208984375
2023-08-30,185.82980346679688,8639.8115234375,4797.13134765625,136.120849609375
2023-08-31,186.0476531982422,8616.3330078125,4818.83740234375,136.53839111328125
2023-09-01,187.62225341796875,8663.2890625,4840.5439453125,135.9916534423828
2023-09-04,,8663.2890625,4883.95751953125,
2023-09-05,187.85992431640625,8663.2890625,4883.95751953125,135.9021759033203
2023-09-06,181.1357879638672,8592.85546875,4840.5439453125,134.57008361816406
2023-09-07,175.83767700195312,8616.3330078125,4732.01171875,135.39517211914062
2023-09-08,176.45166015625,8569.3779296875,4645.18603515625,136.38926696777344
2023-09-11,177.62020874023438,8569.3779296875,4710.3056640625,136.9261016845703
2023-09-12,174.5898895263672,8545.900390625,4666.89208984375,135.26596069335938
2023-09-13,172.52017211914062,8522.4228515625,4688.5986328125,136.68751525878906
2023-09-14,174.0353546142578,8545.900390625,4710.3056640625,138.168701171875
2023-09-15,173.31240844726562,8451.9892578125,4666.89208984375,137.4827880859375
2023-09-18,176.24371337890625,8451.9892578125,4623.47998046875,138.13888549804688
2023-09-19,177.33302307128906,8522.4228515625,4666.89208984375,138.0096435546875
2023-09-20,173.7877655029297,8592.85546875,4666.89208984375,133.79470825195312
2023-09-21,172.24288940429688,8569.3779296875,4645.18603515625,130.58377075195312
2023-09-22,173.09454345703125,8522.4228515625,4645.18603515625,130.47445678710938
2023-09-25,174.37205505371094,8451.9892578125,4601.77294921875,131.38902282714844
2023-09-26,170.29202270507812,8405.033203125,4514.94677734375,128.68507385253906
2023-09-27,168.77682495117188,8334.6005859375,4536.6533203125,130.68321228027344
2023-09-28,169.03433227539062,,,132.34332275390625
2023-09-29,169.5492706298828,8287.64453125,4536.6533203125,131.07089233398438
2023-10-02,172.0646209716797,8522.4228515625,4558.35986328125,134.37127685546875
2023-10-03,170.7277374267578,8639.8115234375,4580.06689453125,132.51231384277344
2023-10-04,171.9755096435547,8639.8115234375,4558.35986328125,135.46478271484375
2023-10-05,173.21339416503906,8522.4228515625,4493.24072265625,135.18643188476562
2023-10-06,175.7683563232422,8475.466796875,4493.24072265625,137.9102325439453
2023-10-09,177.2538299560547,8498.9443359375,4449.8271484375,138.67568969726562
2023-10-10,176.65965270996094,8381.5556640625,4493.24072265625,138.37744140625
2023-10-11,178.0559539794922,8381.5556640625,4558.35986328125,140.8626708984375
2023-10-12,178.9571533203125,8498.9443359375,4601.77294921875,139.4610137939453
2023-10-13,177.11520385742188,8522.4228515625,4580.06689453125,137.76113891601562
2023-10-16,176.98641967773438,8545.900390625,4558.35986328125,139.65985107421875
2023-10-17,175.43165588378906,8405.033203125,4471.53466796875,140.15687561035156
2023-10-18,174.13433837890625,8311.123046875,4471.53466796875,138.4569854736328
2023-10-19,173.75804138183594,8217.2119140625,4341.29541015625,138.1587677001953
2023-10-20,171.2030792236328,8428.51171875,4384.708984375,135.9320068359375
2023-10-23,171.32191467285156,8311.123046875,4341.29541015625,137.0851287841797
2023-10-24,171.75765991210938,8240.689453125,4428.12158203125,139.29200744628906
2023-10-25,169.44033813476562,8334.6005859375,4493.24072265625,125.92150115966797
2023-10-26,165.27117919921875,8193.7333984375,4271.8349609375,122.71058654785156
2023-10-27,166.5883026123047,8170.25634765625,4341.29541015625,122.67082214355469
2023-10-30,168.63815307617188,8311.123046875,4341.29541015625,125.00694274902344
2023-10-31,169.11355590820312,8217.2119140625,4306.56494140625,124.55960845947266
2023-11-01,172.28250122070312,8076.34521484375,4193.69140625,126.8161849975586
2023-11-02,175.8475799560547,8311.123046875,4341.29541015625,127.82022094726562
2023-11-03,174.93649291992188,8358.078125,4428.12158203125,129.59963989257812
2023-11-06,177.49147033691406,8498.9443359375,4514.94677734375,130.6732635498047
2023-11-07,180.05636596679688,8428.51171875,4558.35986328125,131.6176300048828
2023-11-08,181.11599731445312,8451.9892578125,4536.6533203125,132.47256469726562
2023-11-09,180.64064025878906,8451.9892578125,4514.94677734375,130.91184997558594
2023-11-10,184.83511352539062,8287.64453125,4406.41455078125,133.26783752441406
2023-11-13,183.24855041503906,8334.6005859375,4363.00146484375,132.85031127929688
2023-11-14,185.86639404296875,8381.5556640625,4406.41455078125,134.62973022460938
2023-11-15,186.43161010742188,8498.9443359375,4558.35986328125,135.57412719726562
2023-11-16,188.11734008789062,8522.4228515625,4558.35986328125,137.8804168701172
2023-11-17,188.0974884033203,8522.4228515625,4536.6533203125,136.13082885742188
2023-11-20,189.8427276611328,8334.6005859375,4558.35986328125,137.1050262451172
2023-11-21,189.03952026367188,8240.689453125,4514.94677734375,137.80088806152344
2023-11-22,189.7039031982422,8334.6005859375,4580.06689453125,139.192626953125
2023-11-23,,8381.5556640625,4645.18603515625,
2023-11-24,188.37513732910156,8381.5556640625,4688.5986328125,137.40325927734375
2023-11-27,188.1966552734375,8334.6005859375,4645.18603515625,137.23423767089844
2023-11-28,188.80149841308594,8334.6005859375,4645.18603515625,137.80088806152344
2023-11-29,187.7801971435547,8358.078125,4601.77294921875,135.59400939941406
2023-11-30,188.35533142089844,8428.51171875,4580.06689453125,133.12864685058594
2023-12-01,189.63450622558594,8405.033203125,4645.18603515625,132.53221130371094
2023-12-04,187.8396759033203,8421.546875,4775.42529296875,129.8581085205078
2023-12-05,191.79620361328125,8397.95703125,4732.01171875,131.6077117919922
2023-12-06,190.7054443359375,8303.59765625,4710.3056640625,130.6533660888672
2023-12-07,192.63905334472656,8327.1875,4753.71826171875,137.63189697265625
2023-12-08,194.0669708251953,8256.41796875,4666.89208984375,135.8325958251953
2023-12-11,191.55821228027344,8256.41796875,4601.77294921875,133.90403747558594
2023-12-12,193.07537841796875,8209.2392578125,4623.47998046875,132.85031127929688
2023-12-13,196.298095703125,8185.6484375,4601.77294921875,133.17837524414062
2023-12-14,196.44679260253906,8539.49609375,4818.83740234375,132.41290283203125
2023-12-15,195.91136169433594,8704.6240234375,4818.83740234375,133.0491180419922
2023-12-18,194.2454833984375,8681.0341796875,4775.42529296875,136.3793487548828
2023-12-19,195.28663635253906,8728.212890625,4818.83740234375,137.2839813232422
2023-12-20,193.19436645507812,8775.392578125,4818.83740234375,138.83473205566406
2023-12-21,193.04559326171875,8798.982421875,4840.5439453125,140.9621124267578
2023-12-22,191.9746856689453,8798.982421875,4927.37060546875,141.87667846679688
2023-12-26,191.42929077148438,,,141.97607421875
2023-12-27,191.5284423828125,8846.162109375,4883.95751953125,140.604248046875
2023-12-28,191.95484924316406,8869.751953125,4970.78271484375,140.4451904296875
2023-12-29,190.91366577148438,8869.751953125,4970.78271484375,140.0972442626953
2024-01-02,184.0814971923828,8893.341796875,5000.744140625,138.73533630371094
2024-01-03,182.70315551757812,8822.5732421875,4934.65478515625,139.53060913085938
2024-01-04,180.38282775878906,8940.5224609375,5022.7734375,137.22430419921875
2024-01-05,179.658935546875,9034.880859375,5066.83251953125,136.57815551757812
2024-01-08,184.00216674804688,9034.880859375,4956.6845703125,139.69961547851562
2024-01-09,183.585693359375,9082.060546875,5022.7734375,141.71759033203125
2024-01-10,184.62689208984375,9011.2919921875,5022.7734375,142.95028686523438
2024-01-11,184.0319366455078,9034.880859375,5066.83251953125,142.821044921875
2024-01-12,184.35914611816406,9152.8291015625,5154.9521484375,143.38768005371094
2024-01-15,,9176.4189453125,5132.921875,
2024-01-16,182.08837890625,9152.8291015625,5132.921875,143.22862243652344
2024-01-17,181.14633178710938,9200.0078125,5088.8623046875,142.045654296875
2024-01-18,187.04641723632812,9129.240234375,5066.83251953125,144.13327026367188
2024-01-19,189.95181274414062,9082.060546875,5110.892578125,147.09564208984375
2024-01-22,192.2622528076172,9082.060546875,5088.8623046875,146.83718872070312
2024-01-23,193.54139709472656,9058.470703125,5022.7734375,147.8014373779297
2024-01-24,192.86712646484375,8987.701171875,4978.7138671875,149.46157836914062
2024-01-25,192.53988647460938,8964.111328125,4868.5654296875,152.73214721679688
2024-01-26,190.8045654296875,8822.5732421875,4780.44677734375,152.88125610351562
2024-01-29,190.12037658691406,9011.2919921875,4912.62451171875,153.925048828125
2024-01-30,186.4613494873047,9105.650390625,4956.6845703125,152.1456298828125
2024-01-31,182.85189819335938,9011.2919921875,5022.7734375,140.9621124267578
2024-02-01,185.29129028320312,9152.8291015625,5066.83251953125,141.8667449951172
2024-02-02,184.28973388671875,9152.8291015625,5154.9521484375,142.6918182373047
2024-02-05,186.1043701171875,9034.880859375,5088.8623046875,144.07359313964844
2024-02-06,187.71080017089844,9082.060546875,5132.921875,144.55076599121094
2024-02-07,187.81985473632812,9152.8291015625,5154.9521484375,145.81326293945312
2024-02-08,186.739013671875,,,146.35008239746094
2024-02-09,187.50352478027344,,,149.3323516845703
2024-02-12,185.81564331054688,9247.1884765625,5309.16015625,147.85113525390625
2024-02-13,183.72067260742188,9176.4189453125,5287.1298828125,145.50509643554688
2024-02-14,182.83700561523438,,,146.27056884765625
2024-02-15,182.54908752441406,9294.3681640625,5397.2783203125,143.08946228027344
2024-02-16,181.0101318359375,9388.7265625,5419.30810546875,140.92233276367188
2024-02-19,,9317.9580078125,5375.24853515625,
2024-02-20,180.26547241210938,9459.49609375,5551.486328125,141.35971069335938
2024-02-21,181.02008056640625,9412.3173828125,5551.486328125,142.9900360107422
2024-02-22,183.05543518066406,9317.9580078125,5507.4267578125,144.46128845214844
2024-02-23,181.21864318847656,9270.7783203125,5397.2783203125,144.43148803710938
2024-02-26,179.86834716796875,9247.1884765625,5441.33740234375,137.9301300048828
2024-02-27,181.32785034179688,9317.9580078125,5397.2783203125,139.2721710205078
2024-02-28,180.12649536132812,9435.9072265625,5485.3974609375,136.61790466308594
2024-02-29,179.46127319335938,9317.9580078125,5397.2783203125,138.95401000976562
2024-03-01,178.37904357910156,9270.7783203125,5397.2783203125,137.2640838623047
2024-03-04,173.8515625,9200.0078125,5331.189453125,133.40701293945312
2024-03-05,168.9070587158203,9247.1884765625,5397.2783203125,132.98948669433594
2024-03-06,167.9141845703125,9388.7265625,5463.3681640625,131.77670288085938
2024-03-07,167.7950439453125,9553.8564453125,5485.3974609375,134.4408721923828
2024-03-08,169.51271057128906,9577.4453125,5595.54541015625,135.48464965820312
2024-03-11,171.518310546875,,,138.1190185546875
2024-03-12,171.99485778808594,,,138.7949676513672
2024-03-13,169.9098663330078,9435.9072265625,5639.60546875,139.9381866455078
2024-03-14,171.7665252685547,9742.57421875,5625.88330078125,143.48707580566406
2024-03-15,171.38922119140625,9577.4453125,5465.79736328125,141.3299102783203
2024-03-18,172.48138427734375,9577.4453125,5488.66650390625,147.60264587402344
2024-03-19,174.82456970214844,9601.03515625,5488.66650390625,147.0459442138672
2024-03-20,177.39610290527344,9553.8564453125,5580.14453125,148.7955322265625
2024-03-21,170.1481475830078,9553.8564453125,5580.14453125,147.861083984375
2024-03-22,171.05165100097656,9530.265625,5603.01416015625,150.87318420410156
2024-03-25,169.63185119628906,9725.74609375,5717.361328125,150.25685119628906
2024-03-26,168.49998474121094,9701.61328125,5763.10009765625,150.8035888671875
2024-03-27,172.0742950439453,9725.74609375,5717.361328125,151.04220581054688
2024-03-28,170.25735473632812,9725.74609375,5534.40576171875,151.3603057861328
2024-04-01,168.8177032470703,9508.5458984375,5420.05810546875,155.5752410888672
2024-04-02,167.6361846923828,9556.8125,5191.3642578125,154.94895935058594
2024-04-03,168.44039916992188,9194.8125,5145.625,155.4459991455078
2024-04-04,167.6163330078125,9508.5458984375,5214.2333984375,151.04220581054688
2024-04-05,168.3708953857422,9484.412109375,5168.494140625,153.03036499023438
2024-04-08,167.2489471435547,,,155.2173614501953
2024-04-09,168.4602508544922,,,157.20553588867188
2024-04-10,166.58372497558594,,,156.72837829589844
2024-04-11,173.79196166992188,,,159.8398895263672
2024-04-12,175.29122924804688,,,158.2493438720703
2024-04-15,171.45870971679688,,,155.40625
2024-04-16,168.17234802246094,9146.5458984375,4894.06103515625,155.07818603515625
2024-04-17,166.80218505859375,9194.8125,4848.322265625,155.9530029296875
2024-04-18,165.84901428222656,9146.5458984375,5008.408203125,156.52957153320312
2024-04-19,163.82354736328125,9146.5458984375,4825.45263671875,154.7998504638672
2024-04-22,164.65756225585938,9025.87890625,4848.322265625,157.01666259765625
2024-04-23,165.7100067138672,9387.87890625,4848.322265625,158.9750213623047
2024-04-24,167.8148956298828,9605.0791015625,4779.7138671875,160.14805603027344
2024-04-25,168.6787109375,9436.1455078125,4711.10595703125,157.01666259765625
2024-04-26,168.0928955078125,9291.345703125,4418.376953125,172.66368103027344
2024-04-29,172.26295471191406,9460.279296875,4363.490234375,166.90786743164062
2024-04-30,169.1155548095703,9460.279296875,4519.00244140625,163.66712951660156
2024-05-01,168.0928955078125,,,164.59164428710938
2024-05-02,171.7963104248047,9218.9462890625,4354.34228515625,167.46456909179688
2024-05-03,182.07249450683594,9508.5458984375,4345.1943359375,167.991455078125
2024-05-06,180.41441345214844,9460.279296875,4381.78564453125,168.8264617919922
2024-05-07,181.0994873046875,9363.7451171875,4272.01220703125,171.95785522460938
2024-05-08,181.43707275390625,9050.01171875,4281.16015625,170.1486053466797
2024-05-09,183.2540283203125,,,170.56613159179688
2024-05-10,181.99136352539062,,,169.28375244140625
2024-05-13,185.2026824951172,9194.8125,4281.16015625,169.89015197753906
2024-05-14,186.34605407714844,9218.9462890625,4326.89892578125,170.91404724121094
2024-05-15,188.622802734375,9170.6787109375,4409.22900390625,172.8525390625
2024-05-16,188.7421112060547,9267.212890625,4427.52490234375,174.39337158203125
2024-05-17,188.77194213867188,9412.01171875,4500.70654296875,176.2423858642578
2024-05-20,189.93515014648438,9146.5458984375,4409.22900390625,177.40548706054688
2024-05-21,191.2375946044922,9050.01171875,4281.16015625,178.4790802001953
2024-05-22,189.7959747314453,9098.2783203125,4317.7509765625,176.94818115234375
2024-05-23,185.79922485351562,,,174.0255584716797
2024-05-24,188.8813018798828,,,175.2880859375
2024-05-27,,8977.611328125,4162.2392578125,
2024-05-28,188.89125061035156,8977.611328125,4143.943359375,176.96807861328125
2024-05-29,189.1894989013672,8832.8125,4034.170166015625,176.35174560546875
2024-05-30,190.18373107910156,8688.01171875,4006.726806640625,172.53443908691406
2024-05-31,191.13818359375,8929.3447265625,3970.1357421875,172.9320526123047
2024-06-03,192.90786743164062,8953.478515625,4143.943359375,173.38934326171875
2024-06-04,193.2260284423828,9025.87890625,4070.76123046875,174.09515380859375
2024-06-05,194.7372283935547,9122.412109375,4025.022216796875,176.02369689941406
2024-06-06,193.35525512695312,9146.5458984375,4116.5,177.29612731933594
2024-06-07,195.7513427734375,9001.7451171875,3979.28369140625,174.91030883789062
2024-06-10,192.00311279296875,9194.8125,4025.022216796875,175.78611755371094
2024-06-11,205.9519805908203,8977.611328125,3970.1357421875,177.33863830566406
2024-06-12,211.83778381347656,8929.3447265625,3979.28369140625,178.7021026611328
2024-06-13,213.00100708007812,8881.078125,3942.6923828125,175.89556884765625
2024-06-14,211.2611083984375,8881.078125,3823.771240234375,177.51779174804688
2024-06-17,215.41693115234375,,,177.9258270263672
2024-06-18,213.05068969726562,,,175.60696411132812
2024-06-19,,8736.2783203125,3750.5888671875,
2024-06-20,208.4673614501953,9098.2783203125,3906.101318359375,176.8609619140625
2024-06-21,206.2900390625,9267.212890625,4061.613525390625,179.3987579345703
2024-06-24,206.93626403808594,9267.212890625,4025.022216796875,179.92620849609375
2024-06-25,207.8609161376953,9267.212890625,4006.726806640625,184.69334411621094
2024-06-26,212.0167236328125,9170.6787109375,3997.578857421875,184.48431396484375
2024-06-27,212.86181640625,9412.01171875,4079.90869140625,185.96722412109375
2024-06-28,209.40191650390625,9580.9462890625,4207.9775390625,182.5436553955078
2024-07-01,215.49647521972656,9532.6796875,4235.42138671875,183.60853576660156
2024-07-02,218.99612426757812,9556.8125,4180.5341796875,185.71841430664062
2024-07-03,220.2687225341797,9653.3466796875,4207.9775390625,186.49468994140625
2024-07-04,,9484.412109375,4381.78564453125,
2024-07-05,225.031005859375,9605.0791015625,4390.93359375,191.04286193847656
2024-07-08,226.50245666503906,9701.61328125,4345.1943359375,189.56993103027344
2024-07-09,227.35748291015625,9725.74609375,4454.9677734375,189.53012084960938
2024-07-10,231.6326141357422,9749.8798828125,4436.67236328125,191.73951721191406
2024-07-11,226.25392150878906,9725.74609375,4427.52490234375,186.40512084960938
2024-07-12,229.2067108154297,9725.74609375,4482.4111328125,185.88760375976562
2024-07-15,233.04440307617188,9701.61328125,4409.22900390625,187.29086303710938
2024-07-16,233.4619903564453,9605.0791015625,4326.89892578125,184.61370849609375
2024-07-17,227.55633544921875,9460.279296875,4354.34228515625,181.7474822998047
2024-07-18,222.8834991455078,9749.8798828125,4473.26318359375,178.36373901367188
2024-07-19,223.01275634765625,9774.013671875,4482.4111328125,178.53289794921875
2024-07-22,222.664794921875,9749.8798828125,4491.55908203125,182.4739990234375
2024-07-23,223.7086944580078,9822.2802734375,4381.78564453125,182.72279357910156
2024-07-24,217.276123046875,9725.74609375,4372.6376953125,173.53689575195312
2024-07-25,216.23219299316406,9942.9462890625,4299.4560546875,168.35177612304688
2024-07-26,216.69949340820312,9967.080078125,4354.34228515625,167.87408447265625
2024-07-29,216.97789001464844,9894.6796875,4372.6376953125,170.3123779296875
2024-07-30,217.5346221923828,9822.2802734375,4272.01220703125,171.0388946533203
2024-07-31,220.795654296875,9918.8125,4272.01220703125,172.3227081298828
2024-08-01,217.09716796875,10015.3466796875,4345.1943359375,171.6260528564453
2024-08-02,218.58848571777344,9846.4130859375,4308.603515625,167.5954132080078
2024-08-05,208.05975341796875,9532.6796875,4143.943359375,159.87249755859375
2024-08-06,206.03152465820312,9653.3466796875,4207.9775390625,159.77296447753906
2024-08-07,208.60655212402344,9749.8798828125,4226.2734375,159.9819793701172
2024-08-08,212.0763702392578,9870.5458984375,4262.86474609375,163.05718994140625
2024-08-09,214.98944091796875,9798.146484375,4272.01220703125,164.5998077392578
2024-08-12,216.5222930908203,9846.4130859375,4281.16015625,163.16668701171875
2024-08-13,220.2449951171875,9942.9462890625,4317.7509765625,165.13719177246094
2024-08-14,220.69287109375,9846.4130859375,4409.22900390625,161.25584411621094
2024-08-15,223.6790008544922,9870.5458984375,4418.376953125,162.39041137695312
2024-08-16,225.00283813476562,9967.080078125,4418.376953125,163.95291137695312
2024-08-19,224.8435821533203,10015.3466796875,4409.22900390625,167.5954132080078
2024-08-20,225.460693359375,10063.61328125,4528.14990234375,168.1527557373047
2024-08-21,225.35121154785156,10063.61328125,4665.36669921875,166.82908630371094
2024-08-22,223.48985290527344,9967.080078125,4619.6279296875,164.69932556152344
2024-08-23,225.78916931152344,9967.080078125,4711.10595703125,166.63003540039062
2024-08-26,226.12759399414062,9967.080078125,4848.322265625,167.12765502929688
2024-08-27,226.97366333007812,9846.4130859375,4733.97509765625,165.5850830078125
2024-08-28,225.4407958984375,9991.212890625,4711.10595703125,163.71405029296875
2024-08-29,228.7255096435547,9870.5458984375,4688.23583984375,162.6193084716797
2024-08-30,227.9391632080078,9967.080078125,4711.10595703125,164.32113647460938
2024-09-02,,9918.8125,4733.97509765625,
2024-09-03,221.738037109375,9822.2802734375,4733.97509765625,157.85218811035156
2024-09-04,219.82693481445312,9942.9462890625,4665.36669921875,157.05601501464844
2024-09-05,221.349853515625,9894.6796875,4711.10595703125,157.8422393798828
2024-09-06,219.79705810546875,9942.9462890625,4779.7138671875,151.4031524658203
2024-09-09,219.8866424560547,9918.8125,4733.97509765625,149.0214385986328
2024-09-10,219.09034729003906,9991.212890625,4802.58349609375,149.48980712890625
2024-09-11,221.62855529785156,10063.61328125,4733.97509765625,151.62237548828125
2024-09-12,221.738037109375,10111.8798828125,4733.97509765625,155.00062561035156
2024-09-13,221.46926879882812,10063.61328125,4848.322265625,157.82081604003906
2024-09-16,215.31790161132812,,,158.4386749267578
2024-09-17,215.7857208251953,10136.013671875,4848.322265625,159.7241973876953
2024-09-18,219.66766357421875,10256.6806640625,4894.06103515625,160.25234985351562
2024-09-19,227.8097686767578,10522.1474609375,4939.7998046875,162.67393493652344
2024-09-20,227.1428680419922,10401.48046875,4916.9306640625,164.06907653808594
2024-09-23,225.4208984375,10570.4140625,5031.27783203125,162.50453186035156
2024-09-24,226.3166961669922,10425.61328125,5054.1474609375,163.07254028320312
2024-09-25,225.3213348388672,10473.8798828125,4871.19189453125,162.4248046875
2024-09-26,226.4660186767578,10329.0810546875,4619.6279296875,163.2618865966797
2024-09-27,226.73475646972656,10280.814453125,4665.36669921875,164.71682739257812
2024-09-30,231.92062377929688,9967.080078125,4528.14990234375,166.6102294921875
2024-10-01,225.162109375,10184.2802734375,4642.49755859375,167.83596801757812
2024-10-02,225.72946166992188,10136.013671875,4519.00244140625,166.7298126220703
2024-10-03,224.6245880126953,10087.7470703125,4500.70654296875,166.6301727294922
2024-10-04,225.7493438720703,10111.8798828125,4445.8203125,167.97547912597656
2024-10-07,220.6630401611328,9942.9462890625,4409.22900390625,163.81993103027344
2024-10-08,224.72413635253906,10039.4794921875,4573.88916015625,165.12538146972656
2024-10-09,228.47666931152344,10063.61328125,4509.8544921875,162.4945526123047
2024-10-10,227.97897338867188,10136.013671875,4445.8203125,162.61412048339844
2024-10-11,226.4958953857422,10015.3466796875,4482.4111328125,163.94949340820312
2024-10-14,230.228515625,10136.013671875,4482.4111328125,165.7731475830078
2024-10-15,232.76669311523438,10256.6806640625,4500.70654296875,166.32122802734375
2024-10-16,230.706298828125,10111.8798828125,4528.14990234375,166.16180419921875
2024-10-17,231.07456970214844,10353.2138671875,4555.59375,163.93951416015625
2024-10-18,233.91136169433594,10377.3466796875,4546.44580078125,164.47764587402344
2024-10-21,235.38450622558594,10304.947265625,4564.7412109375,165.22506713867188
2024-10-22,234.76739501953125,10136.013671875,4482.4111328125,166.24151611328125
2024-10-23,229.6909942626953,10280.814453125,4445.8203125,163.9096221923828
2024-10-24,229.5019073486328,10329.0810546875,4409.22900390625,163.95945739746094
2024-10-25,230.3380126953125,10377.3466796875,4363.490234375,166.41091918945312
2024-10-28,232.31878662109375,10232.546875,4354.34228515625,167.75624084472656
2024-10-29,232.58753967285156,10136.013671875,4299.4560546875,170.54653930664062
2024-10-30,229.03407287597656,9991.212890625,4308.603515625,175.52920532226562
2024-10-31,224.8634796142578,9894.6796875,4390.93359375,172.09117126464844
2024-11-01,221.87738037109375,10063.61328125,4299.4560546875,172.05130004882812
2024-11-04,220.98153686523438,10015.3466796875,4317.7509765625,170.08811950683594
2024-11-05,222.4148712158203,10136.013671875,4308.603515625,170.81561279296875
2024-11-06,221.68824768066406,10087.7470703125,4207.9775390625,177.7115936279297
2024-11-07,226.42620849609375,9822.2802734375,4162.2392578125,181.6479034423828
2024-11-08,226.15716552734375,9725.74609375,4134.7958984375,179.23629760742188
2024-11-11,223.4368133544922,9701.61328125,4079.90869140625,181.33897399902344
2024-11-12,223.4368133544922,9798.146484375,4116.5,182.68429565429688
2024-11-13,224.3236541748047,9798.146484375,4189.68212890625,179.86410522460938
2024-11-14,227.41270446777344,9749.8798828125,4116.5,176.73501586914062
2024-11-15,224.20408630371094,9822.2802734375,4089.056640625,173.28700256347656
2024-11-18,227.21339416503906,9653.3466796875,3979.28369140625,176.18692016601562
2024-11-19,227.4724884033203,9580.9462890625,3988.43115234375,178.957275390625
2024-11-20,228.18994140625,9725.74609375,3960.98779296875,176.71505737304688
2024-11-21,227.71163940429688,9555.970703125,3887.805419921875,168.6531219482422
2024-11-22,229.05685424804688,9555.970703125,4025.022216796875,165.99240112304688
2024-11-25,232.04624938964844,9871.2685546875,4089.056640625,168.8424530029297
2024-11-26,234.22850036621094,9701.4931640625,4025.022216796875,170.0283203125
2024-11-27,234.0989532470703,,,170.22764587402344
2024-11-28,,9701.4931640625,3960.98779296875,
2024-11-29,236.49046325683594,9701.4931640625,3887.805419921875,169.89878845214844
2024-12-02,238.7424774169922,9458.955078125,3814.623291015625,172.38014221191406
2024-12-03,241.79165649414062,9895.5224609375,3878.657958984375,172.42001342773438
2024-12-04,242.150390625,9895.5224609375,3979.28369140625,175.4793701171875
2024-12-05,242.18026733398438,9944.0302734375,3896.953369140625,173.7055206298828
2024-12-06,241.98097229003906,9774.25390625,3942.6923828125,175.87799072265625
2024-12-09,245.8771514892578,10041.044921875,4015.874267578125,176.68609619140625
2024-12-10,246.8935546875,10041.044921875,3988.43115234375,186.09405517578125
2024-12-11,245.6180877685547,10113.806640625,4006.726806640625,196.25027465820312
2024-12-12,247.0828857421875,9871.2685546875,3896.953369140625,193.17745971679688
2024-12-13,247.2522735595703,9750.0,3814.623291015625,190.93270874023438
2024-12-16,250.1519775390625,9798.5078125,3887.805419921875,197.69688415527344
2024-12-17,252.58334350585938,9604.4775390625,3796.327880859375,196.65928649902344
2024-12-18,247.1725616455078,9507.462890625,3796.327880859375,189.70558166503906
2024-12-19,248.90640258789062,9386.1943359375,3741.441162109375,189.2566375732422
2024-12-20,253.5897979736328,9361.9404296875,3713.997802734375,192.50901794433594
2024-12-23,254.36703491210938,9483.208984375,3851.214599609375,195.5319366455078
2024-12-24,257.28668212890625,9458.955078125,3842.06689453125,197.10826110839844
2024-12-26,258.1037292480469,,,196.6393585205078
2024-12-27,254.68588256835938,9507.462890625,3875.147216796875,193.58648681640625
2024-12-30,251.307861328125,9386.1943359375,3856.244140625,192.23965454101562
2024-12-31,249.53416442871094,,,189.99490356445312
2025-01-02,242.9874267578125,9604.4775390625,3979.11474609375,190.18446350097656
2025-01-03,242.49916076660156,9555.970703125,3922.4052734375,192.6786346435547
2025-01-06,244.1333465576172,9386.1943359375,3875.147216796875,197.49734497070312
2025-01-07,241.3532257080078,9240.671875,3808.986328125,196.25027465820312
2025-01-08,241.8414764404297,9386.1943359375,3856.244140625,194.93333435058594
2025-01-09,,9555.970703125,3808.986328125,
2025-01-10,236.01219177246094,9434.7021484375,3790.0830078125,192.71853637695312
2025-01-13,233.5708465576172,9386.1943359375,3638.85791015625,191.840576171875
2025-01-14,232.45480346679688,9240.671875,3591.599853515625,190.60348510742188
2025-01-15,237.02854919433594,9507.462890625,3865.69580078125,196.51962280273438
2025-01-16,227.4525604248047,9458.955078125,3931.856689453125,193.95562744140625
2025-01-17,229.16647338867188,9604.4775390625,3865.69580078125,197.0883026123047
2025-01-20,,9337.6865234375,3988.566162109375,
2025-01-21,221.85243225097656,9289.1796875,4026.37255859375,199.16343688964844
2025-01-22,223.03823852539062,9313.4326171875,4026.37255859375,199.5625
2025-01-23,222.8688507080078,9313.4326171875,4064.178955078125,199.11355590820312
2025-01-24,221.991943359375,9070.8955078125,3960.21142578125,201.42813110351562
2025-01-27,229.04690551757812,,,193.317138671875
2025-01-28,237.4171905517578,,,196.6094207763672
2025-01-29,238.51329040527344,,,196.7191619873047
2025-01-30,236.74954223632812,8876.8662109375,3894.050537109375,202.1564178466797
2025-01-31,235.16519165039062,9167.9111328125,3988.566162109375,205.11949157714844
2025-02-03,227.20343017578125,9070.8955078125,4016.9208984375,202.1663818359375
2025-02-04,231.97650146484375,8901.1201171875,4026.37255859375,207.22454833984375
2025-02-05,231.64768981933594,8852.6123046875,3912.95361328125,192.84823608398438
2025-02-06,232.39501953125,8682.8359375,3752.27685546875,192.8582000732422
2025-02-07,226.8247833251953,9070.8955078125,3808.986328125,186.70262145996094
2025-02-10,227.0941162109375,8876.8662109375,3752.27685546875,187.7601318359375
2025-02-11,232.052001953125,8804.1044921875,3790.0830078125,186.63279724121094
2025-02-12,236.29161071777344,8876.8662109375,3808.986328125,184.99661254882812
2025-02-13,240.94024658203125,8731.34375,3771.179931640625,187.44088745117188
2025-02-14,244.00274658203125,8707.08984375,3648.309326171875,186.43325805664062
2025-02-17,,9046.6416015625,3808.986328125,
2025-02-18,243.87306213378906,9022.388671875,3922.4052734375,185.36575317382812
2025-02-19,244.27207946777344,8682.8359375,3799.53466796875,186.69264221191406
2025-02-20,245.229736328125,8731.34375,3695.5673828125,186.20379638671875
2025-02-21,244.95042419433594,8731.34375,3676.6640625,181.15562438964844
2025-02-24,246.49664306640625,8658.58203125,3705.018798828125,180.7665252685547
2025-02-25,246.43678283691406,8561.5673828125,3591.599853515625,176.9554443359375
2025-02-26,239.77308654785156,8513.0595703125,3610.503173828125,174.29168701171875
2025-02-27,236.72056579589844,8270.5224609375,3430.923095703125,169.81219482421875
2025-02-28,241.24948120117188,8173.5078125,3175.73046875,171.81748962402344
2025-03-03,237.4487762451172,8537.3134765625,3468.7294921875,168.2658233642578
2025-03-04,235.35391235351562,8585.8212890625,3468.7294921875,172.2065887451172
2025-03-05,235.1643829345703,8731.34375,3629.40625,174.58103942871094
2025-03-06,234.75538635253906,8707.08984375,3733.37353515625,173.8028564453125
2025-03-07,238.4862518310547,8658.58203125,3601.051513671875,175.33924865722656
2025-03-10,226.92454528808594,8658.58203125,3553.793701171875,167.60853576660156
2025-03-11,220.30076599121094,8658.58203125,3582.1484375,165.78073120117188
2025-03-12,216.45018005371094,8852.6123046875,3676.6640625,168.79710388183594
2025-03-13,209.1680145263672,8707.08984375,3591.599853515625,164.5322265625
2025-03-14,212.96871948242188,8488.806640625,3544.342041015625,167.41876220703125
2025-03-17,213.4774627685547,8343.2841796875,3619.95458984375,166.37002563476562
2025-03-18,212.170654296875,8052.23876953125,3478.180908203125,162.47470092773438
2025-03-19,214.7144317626953,8076.49267578125,3506.53564453125,166.0803680419922
2025-03-20,213.5772247314453,8125.0,3459.27783203125,164.8518524169922
2025-03-21,217.73703002929688,7900.0,3497.084228515625,166.0504150390625
2025-03-24,220.19102478027344,7950.0,3412.02001953125,169.72598266601562
2025-03-25,223.2036590576172,8050.0,3591.599853515625,172.58255004882812
2025-03-26,220.9890594482422,8525.0,3780.631591796875,166.9393310546875
2025-03-27,223.30340576171875,8500.0,3827.889404296875,163.8830108642578
2025-03-28,217.36793518066406,,,155.8726348876953
2025-03-31,221.58761596679688,,,156.0424346923828
2025-04-01,222.64501953125,,,158.6892547607422
2025-04-02,223.3433074951172,,,158.66928100585938
2025-04-03,202.69386291503906,,,152.44676208496094
2025-04-04,187.92002868652344,,,147.56263732910156
2025-04-07,181.0169219970703,,,149.0608367919922
2025-04-08,171.99899291992188,7775.0,3440.374755859375,146.40402221679688
2025-04-09,198.3644561767578,7925.0,3430.923095703125,160.86663818359375
2025-04-10,189.95504760742188,8225.0,3591.599853515625,155.1834716796875
2025-04-11,197.66615295410156,8275.0,3630.0,159.2086181640625
2025-04-14,202.02549743652344,8400.0,3690.0,161.27615356445312
2025-04-15,201.64642333984375,8575.0,3690.0,158.48948669433594
2025-04-16,193.79563903808594,8475.0,3650.0,155.3133087158203
2025-04-17,196.4990234375,8500.0,3640.0,153.17588806152344
2025-04-21,192.68833923339844,8300.0,3620.0,149.68008422851562
2025-04-22,199.25228881835938,8500.0,3630.0,153.71522521972656
2025-04-23,204.10043334960938,8725.0,3760.0,157.53065490722656
2025-04-24,207.8612060546875,8475.0,3730.0,161.27615356445312
2025-04-25,208.76898193359375,8600.0,3740.0,163.65328979492188
2025-04-28,209.62689208984375,8775.0,3840.0,162.22500610351562
2025-04-29,210.69427490234375,8725.0,3850.0,161.8654327392578
2025-04-30,211.9811248779297,8825.0,3850.0,160.69683837890625
2025-05-01,212.79913330078125,,,162.5945587158203
2025-05-02,204.8485870361328,8975.0,3880.0,165.61093139648438
2025-05-05,198.40435791015625,8975.0,3860.0,165.85064697265625
2025-05-06,198.0252685546875,9025.0,3880.0,165.0016632080078
2025-05-07,195.7707977294922,9075.0,3910.0,152.61656188964844
2025-05-08,197.00778198242188,8975.0,3790.0,155.56301879882812
2025-05-09,198.0452423095703,9000.0,3840.0,154.1946563720703
2025-05-12,210.55104064941406,,,159.38841247558594
2025-05-13,212.68861389160156,,,160.69683837890625
2025-05-14,212.08929443359375,9275.0,4090.0,166.60972595214844
2025-05-15,211.21029663085938,9275.0,4270.0,165.201416015625
2025-05-16,211.0205078125,9300.0,4250.0,167.22898864746094
2025-05-19,208.54331970214844,9500.0,4230.0,167.66845703125
2025-05-20,206.62550354003906,9475.0,4210.0,165.1215362548828
2025-05-21,201.86090087890625,9700.0,4260.0,169.8558349609375
2025-05-22,201.13172912597656,9650.0,4300.0,171.77352905273438
2025-05-23,195.04864501953125,9675.0,4350.0,169.3863983154297
2025-05-26,,9625.0,4320.0,
2025-05-27,199.98304748535156,9450.0,4370.0,173.7711181640625
2025-05-28,200.1927947998047,9400.0,4450.0,173.17185974121094
2025-05-29,199.72332763671875,,,172.7523651123047
2025-05-30,200.622314453125,,,172.64248657226562
2025-06-02,201.47134399414062,9100.0,4200.0,170.1654510498047
2025-06-03,203.03956604003906,9050.0,4200.0,167.5086669921875
2025-06-04,202.590087890625,8975.0,4080.0,169.18663024902344
2025-06-05,200.40257263183594,8925.0,4100.0,169.6061248779297
2025-06-06,203.68882751464844,,,174.70999145507812
2025-06-09,201.2216339111328,,,177.6300048828125
2025-06-10,202.44024658203125,9100.0,4150.0,180.00999450683594
2025-06-11,198.55465698242188,9050.0,4070.0,178.7899932861328
2025-06-12,198.97418212890625,9125.0,4070.0,176.97000122070312
2025-06-13,196.227294921875,9025.0,4000.0,175.8800048828125
2025-06-16,198.195068359375,8925.0,3990.0,177.94000244140625
2025-06-17,195.418212890625,9075.0,3960.0,177.22999572753906
2025-06-18,196.35714721679688,8900.0,3940.0,173.97999572753906
2025-06-19,,8775.0,3800.0,
2025-06-20,200.7721405029297,8700.0,3790.0,167.72999572753906
2025-06-23,201.27157592773438,8625.0,3720.0,166.00999450683594
2025-06-24,200.07293701171875,8775.0,3780.0,167.74000549316406
2025-06-25,201.33151245117188,8600.0,3760.0,171.49000549316406
2025-06-26,200.7721405029297,8650.0,3830.0,174.42999267578125
2025-06-27,200.85205078125,,,178.27000427246094
2025-06-30,204.93740844726562,8675.0,3740.0,177.38999938964844
2025-07-01,207.58441162109375,8700.0,3700.0,176.91000366210938
2025-07-02,212.1991729736328,8675.0,3680.0,179.75999450683594
2025-07-03,213.30792236328125,8600.0,3680.0,180.5500030517578
2025-07-04,,8650.0,3670.0,
2025-07-07,209.7119903564453,8625.0,3700.0,177.55999755859375
2025-07-08,209.7719268798828,8500.0,3670.0,175.16000366210938
2025-07-09,210.90065002441406,8500.0,3680.0,177.66000366210938
2025-07-10,212.16920471191406,8600.0,3870.0,178.6999969482422
2025-07-11,210.92062377929688,8625.0,3880.0,181.30999755859375
2025-07-14,208.3834991455078,8525.0,3780.0,182.80999755859375
2025-07-15,208.87295532226562,8550.0,3880.0,183.10000610351562
2025-07-16,209.92176818847656,8525.0,3880.0,183.77000427246094
2025-07-17,209.78192138671875,8525.0,3890.0,184.6999969482422
2025-07-18,210.9405975341797,8425.0,3860.0,185.94000244140625
2025-07-21,212.23912048339844,8450.0,3830.0,191.14999389648438
2025-07-22,214.15695190429688,8400.0,3840.0,192.11000061035156
2025-07-23,213.9072265625,8425.0,3800.0,191.50999450683594
2025-07-24,213.51766967773438,8500.0,3950.0,193.1999969482422
2025-07-25,213.63754272460938,8450.0,3880.0,194.0800018310547
2025-07-28,213.80735778808594,8500.0,3940.0,193.4199981689453
2025-07-29,211.03050231933594,8400.0,3920.0,196.42999267578125
2025-07-30,208.81301879882812,8375.0,3780.0,197.44000244140625
2025-07-31,207.33470153808594,8275.0,3710.0,192.86000061035156
2025-08-01,202.1505889892578,8300.0,3740.0,189.9499969482422
2025-08-04,203.11949157714844,8275.0,3710.0,195.75
2025-08-05,202.68995666503906,8425.0,3740.0,195.32000732421875
2025-08-06,213.0082550048828,8300.0,3710.0,196.9199981689453
2025-08-07,219.7805633544922,8300.0,3710.0,197.27999877929688
2025-08-08,229.0900115966797,8300.0,3700.0,202.08999633789062
2025-08-11,227.17999267578125,8550.0,3810.0,201.6300048828125
2025-08-12,229.64999389648438,8850.0,4050.0,204.16000366210938
2025-08-13,233.3300018310547,8925.0,4080.0,203.02999877929688
2025-08-14,232.77999877929688,8775.0,4060.0,203.82000732421875
2025-08-15,231.58999633789062,8700.0,4120.0,204.91000366210938
2025-08-18,230.88999938964844,,,204.2899932861328
2025-08-19,230.55999755859375,8500.0,4040.0,202.49000549316406
2025-08-20,226.00999450683594,8525.0,4150.0,200.19000244140625
2025-08-21,224.89999389648438,8550.0,4150.0,200.6199951171875
2025-08-22,227.75999450683594,8450.0,4100.0,206.72000122070312
2025-08-25,227.16000366210938,8475.0,4210.0,209.16000366210938
2025-08-26,229.30999755859375,8250.0,4170.0,207.9499969482422
2025-08-27,230.49000549316406,8300.0,4130.0,208.2100067138672
