Price,Adj Close,Close,High,Low,Open,Volume,company_name,ticker,MA for 10 days,MA for 20 days,MA for 50 days
Ticker,GOOG,GOOG,GOOG,GOOG,GOOG,GOOG,,,,,
Date,,,,,,,,,,,
2023-08-28,131.01124572753906,131.7899932861328,133.24000549316406,130.85000610351562,132.0800018310547,16715500,Google,GOOG,,,
2023-08-29,134.68939208984375,135.49000549316406,137.2949981689453,132.97999572753906,132.9980010986328,30803300,Google,GOOG,,,
2023-08-30,136.12086486816406,136.92999267578125,137.25,135.02099609375,135.57000732421875,21773400,Google,GOOG,,,
2023-08-31,136.53839111328125,137.35000610351562,138.39999389648438,136.82000732421875,137.0500030517578,28147900,Google,GOOG,,,
2023-09-01,135.99163818359375,136.8000030517578,138.5800018310547,135.94000244140625,138.42999267578125,16671600,Google,GOOG,,,
2023-09-05,135.9021759033203,136.7100067138672,137.3699951171875,135.55999755859375,136.44000244140625,17730200,Google,GOOG,,,
2023-09-06,134.57008361816406,135.3699951171875,137.47999572753906,134.69000244140625,137.01499938964844,15814300,Google,GOOG,,,
2023-09-07,135.39517211914062,136.1999969482422,136.5800018310547,133.9600067138672,134.60000610351562,16976000,Google,GOOG,,,
2023-09-08,136.3892822265625,137.1999969482422,137.51499938964844,135.8699951171875,135.8699951171875,17810700,Google,GOOG,,,
2023-09-11,136.92608642578125,137.74000549316406,138.26400756835938,136.5500030517578,137.3800048828125,17180800,Google,GOOG,135.35343322753906,,
2023-09-12,135.26597595214844,136.07000732421875,137.63999938964844,135.92999267578125,137.1300048828125,15212900,Google,GOOG,135.77890625,,
2023-09-13,136.68751525878906,137.5,137.6999969482422,134.92999267578125,135.89999389648438,16394900,Google,GOOG,135.97871856689454,,
2023-09-14,138.16871643066406,138.99000549316406,139.5500030517578,137.05999755859375,138.38999938964844,19064600,Google,GOOG,136.18350372314453,,
2023-09-15,137.4827880859375,138.3000030517578,139.36000061035156,137.17999267578125,138.8000030517578,48958800,Google,GOOG,136.27794342041017,,
2023-09-18,138.13888549804688,138.9600067138672,139.92999267578125,137.6300048828125,137.6300048828125,16233600,Google,GOOG,136.49266815185547,,
2023-09-19,138.00965881347656,138.8300018310547,139.1750030517578,137.5,138.25,15479100,Google,GOOG,136.7034164428711,,
2023-09-20,133.794677734375,134.58999633789062,138.83999633789062,134.52000427246094,138.8300018310547,21473500,Google,GOOG,136.6258758544922,,
2023-09-21,130.58377075195312,131.36000061035156,133.19000244140625,131.08999633789062,132.38999938964844,22058400,Google,GOOG,136.14473571777344,,
2023-09-22,130.47445678710938,131.25,133.00999450683594,130.50999450683594,131.67999267578125,17348700,Google,GOOG,135.55325317382812,,
2023-09-25,131.38900756835938,132.1699981689453,132.22000122070312,130.02999877929688,130.77000427246094,14650000,Google,GOOG,134.99954528808593,135.1764892578125,
2023-09-26,128.68508911132812,129.4499969482422,131.40499877929688,128.19000244140625,130.91400146484375,20378800,Google,GOOG,134.3414566040039,135.06018142700196,
2023-09-27,130.68321228027344,131.4600067138672,131.72000122070312,129.3800048828125,129.44000244140625,18764200,Google,GOOG,133.74102630615235,134.85987243652343,
2023-09-28,132.3433380126953,133.1300048828125,134.17999267578125,130.69000244140625,130.69000244140625,18201400,Google,GOOG,133.15848846435546,134.67099609375,
2023-09-29,131.07089233398438,131.85000610351562,134.88999938964844,131.32000732421875,134.0800018310547,23237300,Google,GOOG,132.51729888916014,134.39762115478516,
2023-10-02,134.37127685546875,135.1699981689453,135.36000061035156,132.06500244140625,132.15499877929688,19210400,Google,GOOG,132.14053802490236,134.3166030883789,
2023-10-03,132.51231384277344,133.3000030517578,135.24000549316406,132.81500244140625,134.92999267578125,19628700,Google,GOOG,131.59080352783204,134.14710998535156,
2023-10-04,135.46478271484375,136.27000427246094,136.57000732421875,133.42999267578125,133.66000366210938,22848000,Google,GOOG,131.7578140258789,134.19184494018555,
2023-10-05,135.1864471435547,135.99000549316406,136.5,134.4550018310547,136.1300048828125,15922900,Google,GOOG,132.21808166503905,134.18140869140626,
2023-10-06,137.9102325439453,138.72999572753906,139.18600463867188,134.94000244140625,134.94000244140625,20826700,Google,GOOG,132.96165924072267,134.2574562072754,
2023-10-09,138.67568969726562,139.5,139.97000122070312,136.6999969482422,137.99000549316406,16599100,Google,GOOG,133.6903274536133,134.3449363708496,
2023-10-10,138.37745666503906,139.1999969482422,140.74000549316406,138.42999267578125,139.50999450683594,19554900,Google,GOOG,134.65956420898436,134.50051040649413,
2023-10-11,140.86268615722656,141.6999969482422,142.22000122070312,139.83999633789062,139.85000610351562,20146300,Google,GOOG,135.6775115966797,134.70926895141602,
2023-10-12,139.4610137939453,140.2899932861328,142.3800048828125,139.4499969482422,142.16000366210938,18173100,Google,GOOG,136.3892791748047,134.77388381958008,
2023-10-13,137.76112365722656,138.5800018310547,141.33999633789062,137.97000122070312,140.64999389648438,19438700,Google,GOOG,137.0583023071289,134.78780059814454,
2023-10-16,139.65985107421875,140.49000549316406,140.90499877929688,139.32000732421875,139.72999572753906,17345600,Google,GOOG,137.5871597290039,134.8638488769531,
2023-10-17,140.15689086914062,140.99000549316406,141.25,138.5290069580078,140.02999877929688,17424000,Google,GOOG,138.35161743164062,134.97121047973633,
2023-10-18,138.4569854736328,139.27999877929688,141.99000549316406,138.7050018310547,140.75,18304900,Google,GOOG,138.65083770751954,135.2043258666992,
2023-10-19,138.15878295898438,138.97999572753906,141.0050048828125,138.60000610351562,139.8000030517578,21831200,Google,GOOG,138.9480712890625,135.58307647705078,
2023-10-20,135.93199157714844,136.74000549316406,139.0399932861328,136.2449951171875,138.58999633789062,24970300,Google,GOOG,138.7502471923828,135.85595321655273,
2023-10-23,137.08514404296875,137.89999389648438,139.02000427246094,135.11000061035156,136.22999572753906,20780700,Google,GOOG,138.59119262695313,136.1407600402832,
2023-10-24,139.29202270507812,140.1199951171875,140.7100067138672,138.75,139.16000366210938,26535200,Google,GOOG,138.68264923095703,136.6711067199707,
2023-10-25,125.92150115966797,126.66999816894531,130.10000610351562,126.08999633789062,129.77000427246094,58796100,Google,GOOG,137.18853073120118,136.43302116394042,
2023-10-26,122.71058654785156,123.44000244140625,125.45999908447266,122.31999969482422,124.47000122070312,33907400,Google,GOOG,135.51348800659179,135.95138359069824,
2023-10-27,122.67082214355469,123.4000015258789,124.44000244140625,121.45999908447266,124.02999877929688,37367700,Google,GOOG,134.00445785522462,135.53138008117676,
2023-10-30,125.0069351196289,125.75,126.55000305175781,123.87999725341797,124.45999908447266,24165600,Google,GOOG,132.53916625976564,135.06316299438475,
2023-10-31,124.55960845947266,125.30000305175781,126.55999755859375,123.92500305175781,126.2699966430664,21123400,Google,GOOG,130.97943801879882,134.66552772521973,
2023-11-01,126.8161849975586,127.56999969482422,127.73999786376953,124.92500305175781,125.33999633789062,26536600,Google,GOOG,129.81535797119142,134.23309783935548,
2023-11-02,127.82022094726562,128.5800018310547,130.08999633789062,128.11000061035156,129.55999755859375,24091700,Google,GOOG,128.78150177001953,133.86478652954102,
2023-11-03,129.59963989257812,130.3699951171875,130.72999572753906,129.00999450683594,129.08999633789062,19529400,Google,GOOG,128.1482666015625,133.44925689697266,
2023-11-06,130.6732635498047,131.4499969482422,131.55999755859375,129.92999267578125,130.22000122070312,15360400,Google,GOOG,127.5070785522461,133.04913558959962,134.0283154296875
2023-11-07,131.6176300048828,132.39999389648438,133.27999877929688,131.13999938964844,131.97999572753906,19223800,Google,GOOG,126.73963928222656,132.7111442565918,134.04044311523438
2023-11-08,132.47256469726562,133.25999450683594,133.5399932861328,132.16000366210938,132.36000061035156,15093600,Google,GOOG,127.39474563598633,132.29163818359376,133.9961065673828
2023-11-09,130.91184997558594,131.69000244140625,133.9600067138672,131.50999450683594,133.36000061035156,17976500,Google,GOOG,128.21487197875976,131.8641799926758,133.89192626953124
2023-11-10,133.26785278320312,134.05999755859375,134.27000427246094,130.8699951171875,131.52999877929688,20872900,Google,GOOG,129.27457504272462,131.6395164489746,133.82651550292968
2023-11-13,132.85032653808594,133.63999938964844,134.11000061035156,132.77000427246094,133.36000061035156,16409900,Google,GOOG,130.0589141845703,131.29904022216797,133.76368927001954
2023-11-14,134.62974548339844,135.42999267578125,137.24000549316406,135.10000610351562,135.64999389648438,22317300,Google,GOOG,131.0659278869629,131.02268295288087,133.7382406616211
2023-11-15,135.57412719726562,136.3800048828125,136.83999633789062,135.3300018310547,136.63999938964844,15840900,Google,GOOG,131.94172210693358,130.8785400390625,133.75832153320312
2023-11-16,137.8804168701172,138.6999969482422,138.8800048828125,136.0800018310547,136.9600067138672,17615100,Google,GOOG,132.94774169921874,130.86462173461913,133.80802642822266
2023-11-17,136.1308135986328,136.94000244140625,138.0,135.47999572753906,137.82000732421875,25565300,Google,GOOG,133.60085906982422,130.87456283569335,133.80285705566405
2023-11-20,137.1050262451172,137.9199981689453,138.4250030517578,135.49000549316406,135.5,19569400,Google,GOOG,134.24403533935546,130.87555694580078,133.80643585205078
2023-11-21,137.80088806152344,138.6199951171875,138.96499633789062,137.7050018310547,137.94000244140625,17648100,Google,GOOG,134.86236114501952,130.80100021362304,133.8571340942383
2023-11-22,139.192626953125,140.02000427246094,141.10000610351562,139.0,139.10000610351562,17306400,Google,GOOG,135.53436737060548,131.4645565032959,133.907236328125
2023-11-24,137.40325927734375,138.22000122070312,139.677001953125,137.47000122070312,139.5399932861328,8828600,Google,GOOG,136.18350830078126,132.1991901397705,133.8919271850586
2023-11-27,137.2342529296875,138.0500030517578,139.6300048828125,137.5399932861328,137.57000732421875,17886400,Google,GOOG,136.58014831542968,132.92736167907714,133.8869564819336
2023-11-28,137.80088806152344,138.6199951171875,138.66000366210938,137.0399932861328,137.6300048828125,17046900,Google,GOOG,137.07520446777343,133.5670593261719,133.88019653320313
2023-11-29,135.593994140625,136.39999389648438,139.6699981689453,136.2949981689453,138.98500061035156,21014700,Google,GOOG,137.1716293334961,134.1187786102295,133.8318832397461
2023-11-30,133.128662109375,133.9199981689453,136.9600067138672,132.7899932861328,136.39999389648438,29913500,Google,GOOG,136.92708282470704,134.4344024658203,133.8185629272461
2023-12-01,132.5322265625,133.32000732421875,133.5,132.15199279785156,133.32000732421875,24268000,Google,GOOG,136.39226379394532,134.67000274658204,133.85753204345704
2023-12-04,129.8581085205078,130.6300048828125,131.4499969482422,129.39999389648438,131.29400634765625,24117100,Google,GOOG,135.7649932861328,134.68292617797852,133.845205078125
2023-12-05,131.6077117919922,132.38999938964844,133.5399932861328,129.72999572753906,130.3699951171875,19235100,Google,GOOG,135.21526184082032,134.7296485900879,133.84957916259765
2023-12-06,130.65335083007812,131.42999267578125,133.30999755859375,131.30999755859375,132.89999389648438,16360600,Google,GOOG,134.5005081176758,134.68143463134766,133.88894439697265
2023-12-07,137.63189697265625,138.4499969482422,140.0,136.22999572753906,136.60000610351562,38419400,Google,GOOG,134.3444351196289,134.93940124511718,134.02791809082032
2023-12-08,135.8325958251953,136.63999938964844,137.99000549316406,135.57000732421875,135.66000366210938,23016100,Google,GOOG,134.18736877441407,135.18543853759766,134.0977032470703
2023-12-11,133.904052734375,134.6999969482422,134.7899932861328,132.88999938964844,133.82000732421875,24502900,Google,GOOG,133.8543487548828,135.21724853515624,134.15436645507813
2023-12-12,132.85032653808594,133.63999938964844,134.5399932861328,132.8300018310547,133.27000427246094,26584000,Google,GOOG,133.35929260253906,135.21724853515624,134.12394744873046
2023-12-13,133.17835998535156,133.97000122070312,134.77999877929688,132.9499969482422,134.5449981689453,25414500,Google,GOOG,133.11772918701172,135.1446792602539,134.13726837158202
2023-12-14,132.4129180908203,133.1999969482422,135.03500366210938,131.05999755859375,134.77000427246094,29619100,Google,GOOG,133.04615478515626,134.98661880493165,134.07623107910158
2023-12-15,133.04913330078125,133.83999633789062,134.8300018310547,132.6300048828125,132.9199981689453,58594000,Google,GOOG,133.09784545898438,134.74505462646485,134.0334848022461
2023-12-18,136.3793487548828,137.19000244140625,138.3800048828125,133.77000427246094,133.86000061035156,25699800,Google,GOOG,133.74996948242188,134.75748138427736,134.00286712646485
2023-12-19,137.2839813232422,138.10000610351562,138.77000427246094,137.4499969482422,138.0,20661000,Google,GOOG,134.31759643554688,134.76642913818358,133.97503295898437
2023-12-20,138.83473205566406,139.66000366210938,143.0780029296875,139.41000366210938,140.3300018310547,33507300,Google,GOOG,135.13573455810547,134.81812133789063,133.98417846679686
2023-12-21,140.9621124267578,141.8000030517578,142.02999877929688,140.47300720214844,140.77000427246094,18101500,Google,GOOG,135.46875610351563,134.90659561157227,133.9861669921875
2023-12-22,141.8766632080078,142.72000122070312,143.25,142.05499267578125,142.1300048828125,18513500,Google,GOOG,136.0731628417969,135.13026580810546,134.03447998046875
2023-12-26,141.97607421875,142.82000732421875,143.94500732421875,142.5,142.97999572753906,11170100,Google,GOOG,136.88036499023437,135.3673568725586,134.11877899169923
2023-12-27,140.604248046875,141.44000244140625,143.32000732421875,141.05099487304688,142.8300018310547,17288400,Google,GOOG,137.65575714111327,135.50752487182618,134.13766693115235
2023-12-28,140.44517517089844,141.27999877929688,142.27000427246094,140.8280029296875,141.85000610351562,12192500,Google,GOOG,138.38243865966797,135.75008392333984,134.1434326171875
2023-12-29,140.09722900390625,140.92999267578125,141.43499755859375,139.89999389648438,140.67999267578125,14881000,Google,GOOG,139.15086975097657,136.0985122680664,134.17623748779297
2024-01-02,138.73533630371094,139.55999755859375,140.61500549316406,137.74000549316406,139.60000610351562,20071900,Google,GOOG,139.71949005126953,136.40866775512694,134.1877685546875
2024-01-03,139.53060913085938,140.36000061035156,141.08999633789062,138.42999267578125,138.60000610351562,18974300,Google,GOOG,140.03461608886718,136.89229278564454,134.25974090576173
2024-01-04,137.22430419921875,138.0399932861328,140.63499450683594,138.00999450683594,139.85000610351562,18253300,Google,GOOG,140.02864837646484,137.17312240600586,134.2625241088867
2024-01-05,136.57815551757812,137.38999938964844,138.80999755859375,136.85000610351562,138.3520050048828,15439500,Google,GOOG,139.80299072265626,137.46936264038087,134.20824676513672
2024-01-08,139.69960021972656,140.52999877929688,140.63999938964844,137.8800048828125,138.0,17645300,Google,GOOG,139.67673950195314,137.57274780273437,134.4838087463379
2024-01-09,141.7176055908203,142.55999755859375,142.8000030517578,139.7899932861328,140.05999755859375,19579700,Google,GOOG,139.66083374023438,137.86699829101562,134.86394912719726
2024-01-10,142.95028686523438,143.8000030517578,144.52499389648438,142.4600067138672,142.52000427246094,16641900,Google,GOOG,139.7582550048828,138.3193099975586,135.26953842163087
2024-01-11,142.82106018066406,143.6699981689453,146.66000366210938,142.21499633789062,144.89500427246094,17471100,Google,GOOG,139.9799362182617,138.8178466796875,135.62582092285157
2024-01-12,143.38768005371094,144.24000549316406,144.74000549316406,143.36000061035156,144.33999633789062,13998700,Google,GOOG,140.27418670654296,139.32831268310548,136.00238235473634
2024-01-16,143.22862243652344,144.0800018310547,145.83999633789062,143.05599975585938,143.42999267578125,19198900,Google,GOOG,140.5873260498047,139.8690979003906,136.33063110351563
2024-01-17,142.045654296875,142.88999938964844,143.41000366210938,140.50999450683594,142.91000366210938,17884500,Google,GOOG,140.9183578491211,140.3189239501953,136.61513977050782
2024-01-18,144.13323974609375,144.99000549316406,145.5850067138672,143.35000610351562,143.44000244140625,18876800,Google,GOOG,141.37862091064454,140.70661849975585,136.90581176757811
2024-01-19,147.09564208984375,147.97000122070312,148.0399932861328,145.8000030517578,146.30499267578125,27181000,Google,GOOG,142.36575469970703,141.19720153808595,137.2342593383789
2024-01-22,146.83718872070312,147.7100067138672,150.01499938964844,147.5800018310547,148.7100067138672,21829200,Google,GOOG,143.39165802001952,141.5973243713379,137.5386505126953
2024-01-23,147.80145263671875,148.67999267578125,148.86000061035156,147.19000244140625,147.72000122070312,14113600,Google,GOOG,144.20184326171875,141.93929138183594,137.8452282714844
2024-01-24,149.46157836914062,150.35000610351562,151.57000732421875,149.83999633789062,150.2899932861328,19245000,Google,GOOG,144.9762405395508,142.31853713989258,138.21622283935548
2024-01-25,152.73214721679688,153.63999938964844,154.75999450683594,151.22000122070312,151.74000549316406,21495100,Google,GOOG,145.95442657470704,142.85634078979493,138.60550872802733
2024-01-26,152.88125610351562,153.7899932861328,154.11000061035156,152.8000030517578,152.8699951171875,19494500,Google,GOOG,146.9604461669922,143.47019119262694,139.00612731933595
2024-01-29,153.92506408691406,154.83999633789062,155.1999969482422,152.9199981689453,153.63999938964844,20909300,Google,GOOG,148.0141845703125,144.14418563842773,139.39203369140625
2024-01-30,152.1456298828125,153.0500030517578,155.0399932861328,152.77499389648438,154.00999450683594,26578900,Google,GOOG,148.9058853149414,144.74660568237306,139.7234637451172
2024-01-31,140.9621124267578,141.8000030517578,145.58999633789062,141.5500030517578,145.38999938964844,43908600,Google,GOOG,148.7975311279297,144.8579444885254,139.78509765625
2024-02-01,141.8667449951172,142.7100067138672,144.6199951171875,142.25999450683594,143.69000244140625,25526900,Google,GOOG,148.57088165283204,144.9747512817383,139.89981628417968
2024-02-02,142.69180297851562,143.5399932861328,143.8800048828125,138.1699981689453,140.88999938964844,42136100,Google,GOOG,148.13049774169923,145.2481262207031,140.01155181884766
2024-02-05,144.0736083984375,144.92999267578125,146.6699981689453,143.91000366210938,144.0399932861328,29254400,Google,GOOG,147.85413970947266,145.6228988647461,140.13700622558594
2024-02-06,144.55076599121094,145.41000366210938,146.74000549316406,144.52000427246094,145.9600067138672,21517700,Google,GOOG,147.52907104492186,145.8654571533203,140.24416900634765
2024-02-07,145.81326293945312,146.67999267578125,147.0,145.2100067138672,146.1199951171875,21436100,Google,GOOG,147.16423950195312,146.07024002075195,140.41236907958984
2024-02-08,146.35006713867188,147.22000122070312,147.61000061035156,146.4199981689453,146.97000122070312,18241300,Google,GOOG,146.52603149414062,146.24022903442383,140.59468536376954
2024-02-09,149.33233642578125,150.22000122070312,150.69500732421875,147.42999267578125,147.9499969482422,21877700,Google,GOOG,146.1711395263672,146.5657928466797,140.8253143310547
2024-02-12,147.8511505126953,148.72999572753906,150.58999633789062,148.55999755859375,149.5399932861328,17236100,Google,GOOG,145.56374816894532,146.7889663696289,141.0704574584961
2024-02-13,145.50511169433594,146.3699951171875,148.0399932861328,145.11000061035156,146.07000732421875,18138500,Google,GOOG,144.89969635009766,146.90279083251954,141.31798645019532
2024-02-14,146.27053833007812,147.13999938964844,147.8300018310547,145.55499267578125,147.3699951171875,16651800,Google,GOOG,145.4305389404297,147.1140350341797,141.59275268554688
2024-02-15,143.0894775390625,143.94000244140625,144.75999450683594,141.8800048828125,144.4600067138672,26724300,Google,GOOG,145.5528121948242,147.0618469238281,141.85738006591797
2024-02-16,140.92233276367188,141.75999450683594,144.47999572753906,141.52000427246094,144.2100067138672,21865100,Google,GOOG,145.37586517333983,146.75318145751953,142.04367248535155
2024-02-20,141.35972595214844,142.1999969482422,143.32899475097656,140.8000030517578,140.94000244140625,18625600,Google,GOOG,145.10447692871094,146.47930831909179,142.25779998779296
2024-02-21,142.9900360107422,143.83999633789062,143.97999572753906,141.91000366210938,142.63999938964844,16440800,Google,GOOG,144.94840393066406,146.23873748779297,142.36496276855468
2024-02-22,144.4613037109375,145.32000732421875,146.1999969482422,144.00999450683594,146.1199951171875,23024700,Google,GOOG,144.8132080078125,145.9887237548828,142.53753692626952
2024-02-23,144.43148803710938,145.2899932861328,145.9550018310547,144.7899932861328,144.97000122070312,14519400,Google,GOOG,144.62135009765626,145.57369079589844,142.7480856323242
2024-02-26,137.9301300048828,138.75,143.83999633789062,138.74000549316406,143.4499969482422,33513000,Google,GOOG,143.48112945556642,144.8261344909668,142.84968170166016
2024-02-27,139.27215576171875,140.10000610351562,140.49000549316406,138.5,139.41000366210938,22364000,Google,GOOG,142.62322998046875,144.09348907470704,142.9715576171875
2024-02-28,136.617919921875,137.42999267578125,139.27999877929688,136.63999938964844,139.10000610351562,30628700,Google,GOOG,141.73451080322266,143.31710357666014,143.0556576538086
2024-02-29,138.9540252685547,139.77999877929688,139.9499969482422,137.57000732421875,138.35000610351562,35485000,Google,GOOG,141.00285949707032,143.21669921875,143.17375549316407
2024-03-01,137.26406860351562,138.0800018310547,140.0,137.97500610351562,139.61000061035156,28551500,Google,GOOG,140.42031860351562,142.98656539916993,143.1914498901367
2024-03-04,133.40699768066406,134.1999969482422,136.6300048828125,132.86000061035156,136.5399932861328,43571500,Google,GOOG,139.66878509521484,142.52232513427734,143.11391021728517
2024-03-05,132.98947143554688,133.77999877929688,134.02000427246094,131.5500030517578,132.74000549316406,28447600,Google,GOOG,138.83175964355468,141.9681182861328,142.99700500488282
2024-03-06,131.7766876220703,132.55999755859375,134.74000549316406,131.9499969482422,134.24000549316406,23175200,Google,GOOG,137.7104248046875,141.32941436767578,142.81329650878905
2024-03-07,134.4408721923828,135.24000549316406,135.82000732421875,132.66000366210938,133.88999938964844,24107300,Google,GOOG,136.70838165283203,140.76079483032225,142.66458068847658
2024-03-08,135.48464965820312,136.2899932861328,138.98500061035156,134.8000030517578,135.03500366210938,26495200,Google,GOOG,135.8136978149414,140.21752395629883,142.53475219726562
2024-03-11,138.11900329589844,138.94000244140625,139.97999572753906,137.07000732421875,137.07000732421875,22536400,Google,GOOG,135.83258514404298,139.6568572998047,142.4850473022461
2024-03-12,138.79498291015625,139.6199951171875,140.27999877929688,138.2100067138672,138.25,19019700,Google,GOOG,135.7848678588867,139.20404891967775,142.45204345703124
2024-03-13,139.9381866455078,140.77000427246094,142.19000244140625,140.00999450683594,140.05999755859375,19637000,Google,GOOG,136.11689453125,138.92570266723632,142.44886260986328
2024-03-14,143.48709106445312,144.33999633789062,144.72999572753906,141.48500061035156,142.3000030517578,36117900,Google,GOOG,136.57020111083983,138.7865303039551,142.54389770507814
2024-03-15,141.3299102783203,142.1699981689453,144.33999633789062,141.1300048828125,143.41000366210938,41039500,Google,GOOG,136.9767852783203,138.69855194091798,142.57988372802734
2024-03-18,147.60263061523438,148.47999572753906,152.92999267578125,148.13999938964844,149.3699951171875,47676700,Google,GOOG,138.39634857177734,139.0325668334961,142.78745025634765
2024-03-19,147.04592895507812,147.9199981689453,149.6199951171875,147.00999450683594,148.97999572753906,17748400,Google,GOOG,139.80199432373047,139.31687698364257,142.99680572509766
2024-03-20,148.7955322265625,149.67999267578125,149.75999450683594,147.6649932861328,148.7899932861328,17730000,Google,GOOG,141.50387878417968,139.6071517944336,143.1787243652344
2024-03-21,147.861083984375,148.74000549316406,151.30499267578125,148.00999450683594,150.32000732421875,19843900,Google,GOOG,142.8458999633789,139.77714080810546,143.30159393310547
2024-03-22,150.87318420410156,151.77000427246094,152.55999755859375,150.08999633789062,150.24000549316406,19252900,Google,GOOG,144.38475341796874,140.09922561645507,143.46005187988283
2024-03-25,150.25685119628906,151.14999389648438,151.45599365234375,148.8000030517578,150.9499969482422,15114700,Google,GOOG,145.59853820800782,140.7155616760254,143.6087677001953
2024-03-26,150.80360412597656,151.6999969482422,153.1999969482422,151.02999877929688,151.24000549316406,19312700,Google,GOOG,146.79940032958984,141.2921340942383,143.75708618164063
2024-03-27,151.0421905517578,151.94000244140625,152.69000244140625,150.1300048828125,152.14500427246094,16622000,Google,GOOG,147.90980072021483,142.01334762573242,143.91335754394532
2024-03-28,151.3603057861328,152.25999450683594,152.6699981689453,151.3300018310547,152.0,21105600,Google,GOOG,148.6971221923828,142.63366165161133,144.09965057373046
2024-04-01,155.5752410888672,156.5,157.0,151.64999389648438,151.8300018310547,24469800,Google,GOOG,150.1216552734375,143.5492202758789,144.32849060058595
2024-04-02,154.94895935058594,155.8699951171875,155.99000549316406,153.4600067138672,154.75,17598100,Google,GOOG,150.85628814697264,144.626318359375,144.4855569458008
2024-04-03,155.44601440429688,156.3699951171875,156.5500030517578,154.1320037841797,154.9199981689453,17266200,Google,GOOG,151.69629669189453,145.7491455078125,144.65773345947267
2024-04-04,151.0421905517578,151.94000244140625,156.17999267578125,151.8800048828125,155.0800018310547,24184800,Google,GOOG,151.92096252441405,146.71242065429686,144.72254821777344
2024-04-05,153.03038024902344,153.94000244140625,154.83999633789062,151.08099365234375,151.67999267578125,16297300,Google,GOOG,152.4378921508789,147.64189605712892,144.79392425537108
2024-04-08,155.21737670898438,156.13999938964844,156.65499877929688,153.99000549316406,154.01499938964844,16641500,Google,GOOG,152.8723114013672,148.62853240966797,144.84362884521485
2024-04-09,157.20555114746094,158.13999938964844,159.88999938964844,156.63999938964844,157.35000610351562,21521500,Google,GOOG,153.5671813964844,149.5828598022461,144.93011474609375
2024-04-10,156.7283935546875,157.66000366210938,158.16000366210938,156.1999969482422,157.8800048828125,16339200,Google,GOOG,154.15966033935547,150.47953033447266,144.98618133544923
2024-04-11,159.8398895263672,160.7899932861328,161.1199951171875,157.92999267578125,158.33999633789062,17841700,Google,GOOG,155.0394302368164,151.47461547851563,145.14006652832032
2024-04-12,158.2493438720703,159.19000244140625,161.6999969482422,158.60000610351562,159.40499877929688,16989800,Google,GOOG,155.72833404541015,152.21272811889648,145.48581115722655
2024-04-15,155.40626525878906,156.3300018310547,160.8300018310547,156.14999389648438,160.27999877929688,21140900,Google,GOOG,155.71143646240233,152.91654586791992,145.7566015625
2024-04-16,155.07818603515625,156.0,157.22999572753906,155.0500030517578,155.63999938964844,15413200,Google,GOOG,155.72435913085937,153.29032363891602,146.00432922363282
2024-04-17,155.9530029296875,156.8800048828125,158.68099975585938,156.13499450683594,157.19000244140625,16237800,Google,GOOG,155.77505798339843,153.73567733764648,146.2419171142578
2024-04-18,156.52955627441406,157.4600067138672,158.48500061035156,156.2100067138672,156.9250030517578,14016100,Google,GOOG,156.32379455566405,154.12237854003905,146.48149291992186
2024-04-19,154.7998504638672,155.72000122070312,157.99000549316406,153.91000366210938,157.75,21479900,Google,GOOG,156.50074157714843,154.46931686401368,146.66122467041015
2024-04-22,157.01666259765625,157.9499969482422,159.18499755859375,155.66000366210938,156.00999450683594,17243900,Google,GOOG,156.68067016601563,154.7764907836914,146.87455657958984
2024-04-23,158.97503662109375,159.9199981689453,160.47999572753906,157.96499633789062,158.58999633789062,16115400,Google,GOOG,156.8576187133789,155.21240005493163,147.0674105834961
2024-04-24,160.14805603027344,161.10000610351562,161.38999938964844,158.82000732421875,159.08999633789062,19485700,Google,GOOG,157.1995849609375,155.67962265014648,147.31334869384764
2024-04-25,157.01666259765625,157.9499969482422,158.27999877929688,152.76800537109375,153.36000061035156,36197800,Google,GOOG,156.9172622680664,155.9783462524414,147.54357971191405
2024-04-26,172.66366577148438,173.69000244140625,176.4199981689453,171.39999389648438,175.99000549316406,56500800,Google,GOOG,158.35869445800782,157.04351425170898,148.07144226074217
2024-04-29,166.9078826904297,167.89999389648438,171.3800048828125,167.05999755859375,170.77000427246094,35914600,Google,GOOG,159.50885620117188,157.61014633178712,148.54781036376954
2024-04-30,163.66714477539062,164.63999938964844,169.8699951171875,164.5,167.3800048828125,29420800,Google,GOOG,160.3677520751953,158.04605560302736,149.00270660400392
2024-05-01,164.5916290283203,165.57000732421875,168.80999755859375,164.89999389648438,166.17999267578125,25223200,Google,GOOG,161.2316146850586,158.50333633422852,149.46734466552735
2024-05-02,167.46456909179688,168.4600067138672,168.52999877929688,165.69000244140625,166.6699981689453,17041100,Google,GOOG,162.3251159667969,159.32445526123047,149.95683532714844
2024-05-03,167.991455078125,168.99000549316406,169.85000610351562,164.97999572753906,169.5399932861328,22767100,Google,GOOG,163.64427642822267,160.07250900268554,150.42743835449218
2024-05-06,168.82647705078125,169.8300018310547,169.89999389648438,167.88999938964844,169.22000122070312,15147900,Google,GOOG,164.82525787353515,160.7529640197754,150.91533813476562
2024-05-07,171.95785522460938,172.97999572753906,173.47000122070312,170.0,170.1199951171875,21102400,Google,GOOG,166.12353973388673,161.4905792236328,151.59589263916016
2024-05-08,170.1486053466797,171.16000366210938,171.90899658203125,170.52200317382812,170.75,14569900,Google,GOOG,167.12359466552735,162.1615898132324,152.2134216308594
2024-05-09,170.56613159179688,171.5800018310547,172.44000244140625,169.92999267578125,171.14999389648438,11937700,Google,GOOG,168.4785415649414,162.6979019165039,152.89238586425782
2024-05-10,169.28375244140625,170.2899932861328,171.33999633789062,167.91000366210938,169.69000244140625,18740500,Google,GOOG,168.1405502319336,163.2496223449707,153.49898040771484
2024-05-13,169.89015197753906,170.89999389648438,170.9499969482422,165.75999450683594,165.8470001220703,19648600,Google,GOOG,168.43877716064452,163.97381668090821,154.1515020751953
2024-05-14,170.91404724121094,171.92999267578125,172.77999877929688,170.4199981689453,171.58999633789062,18729500,Google,GOOG,169.16346740722656,164.76560974121094,154.90164306640625
2024-05-15,172.8525390625,173.8800048828125,174.04600524902344,172.02999877929688,172.3000030517578,20958200,Google,GOOG,169.98955841064452,165.61058654785157,155.69890441894532
2024-05-16,174.39337158203125,175.42999267578125,176.33999633789062,174.0500030517578,174.60000610351562,17247300,Google,GOOG,170.68243865966798,166.50377731323243,156.55123809814452
2024-05-17,176.2423858642578,177.2899932861328,177.4949951171875,174.97999572753906,175.5500030517578,16546400,Google,GOOG,171.50753173828124,167.57590408325194,157.38726837158202
2024-05-20,177.4054718017578,178.4600067138672,179.9499969482422,177.22500610351562,177.30999755859375,17495100,Google,GOOG,172.3654312133789,168.59534454345703,158.22568481445313
2024-05-21,178.4790802001953,179.5399932861328,179.82000732421875,177.30999755859375,178.39999389648438,14706000,Google,GOOG,173.0175537109375,169.5705467224121,159.03288635253907
2024-05-22,176.9481964111328,178.0,178.8520050048828,176.77999877929688,178.39999389648438,16189400,Google,GOOG,173.6975128173828,170.4105537414551,159.7959506225586
2024-05-23,174.0255584716797,175.05999755859375,179.91000366210938,174.5399932861328,178.77999877929688,14928400,Google,GOOG,174.0434555053711,171.26099853515626,160.47769805908203
2024-05-24,175.28807067871094,176.3300018310547,177.3040008544922,175.1999969482422,176.52000427246094,11403600,Google,GOOG,174.64388732910157,171.39221878051757,161.11371765136718
2024-05-28,176.96807861328125,178.02000427246094,178.50999450683594,175.67999267578125,175.74000549316406,15655300,Google,GOOG,175.35167999267577,171.89522857666014,161.8264810180664
2024-05-29,176.3517303466797,177.39999389648438,178.22999572753906,176.25999450683594,176.80999755859375,15023800,Google,GOOG,175.89544830322265,172.52945785522462,162.4014630126953
2024-05-30,172.53443908691406,173.55999755859375,176.69000244140625,173.22999572753906,176.69000244140625,18826300,Google,GOOG,175.86363830566407,172.9265983581543,162.91123321533203
2024-05-31,172.9320526123047,173.9600067138672,174.4199981689453,170.97000122070312,173.39999389648438,28085200,Google,GOOG,175.7175064086914,173.1999725341797,163.3939636230469
2024-06-03,173.38934326171875,174.4199981689453,175.86000061035156,172.4499969482422,173.8800048828125,20742800,Google,GOOG,175.4322021484375,173.46986694335936,163.90452880859374
2024-06-04,174.09515380859375,175.1300048828125,175.19000244140625,173.22000122070312,174.4499969482422,14066600,Google,GOOG,175.1011703491211,173.73330078125,164.36896820068358
2024-06-05,176.02371215820312,177.07000732421875,177.97000122070312,175.2899932861328,176.53500366210938,15233900,Google,GOOG,174.8556335449219,173.93659362792968,164.88430541992187
2024-06-06,177.29612731933594,178.35000610351562,178.7100067138672,177.2100067138672,177.42999267578125,14255800,Google,GOOG,174.8904266357422,174.2939697265625,165.41415588378905
2024-06-07,174.91030883789062,175.9499969482422,179.4199981689453,175.7899932861328,178.4600067138672,14716300,Google,GOOG,174.9789016723633,174.51117858886718,165.8915182495117
2024-06-10,175.78611755371094,176.6300048828125,178.47000122070312,174.3800048828125,176.4499969482422,17099800,Google,GOOG,175.0287063598633,174.83629684448243,166.38003448486327
2024-06-11,177.33863830566406,178.19000244140625,178.38999938964844,175.44000244140625,177.72000122070312,14402400,Google,GOOG,175.06576232910157,175.20872116088867,166.81530242919922
2024-06-12,178.7021026611328,179.55999755859375,182.0800018310547,177.77999877929688,179.75,18600400,Google,GOOG,175.30079956054686,175.59812393188477,167.29036529541017
2024-06-13,175.89556884765625,176.74000549316406,178.50999450683594,176.66000366210938,177.83999633789062,15956900,Google,GOOG,175.63691253662108,175.7502754211426,167.69935638427734
2024-06-14,177.5177764892578,178.3699951171875,178.72999572753906,175.8520050048828,175.8520050048828,12361600,Google,GOOG,176.0954849243164,175.9064956665039,168.22886810302734
2024-06-17,177.92581176757812,178.77999877929688,179.9199981689453,176.49000549316406,176.97999572753906,15272900,Google,GOOG,176.54913177490235,175.99066696166992,168.72677673339842
2024-06-18,175.60696411132812,176.4499969482422,178.91000366210938,175.6199951171875,178.7899932861328,15640300,Google,GOOG,176.70031280517577,175.90074157714844,169.1345684814453
2024-06-20,176.86094665527344,177.7100067138672,178.74000549316406,176.4600067138672,176.7100067138672,16753200,Google,GOOG,176.7840362548828,175.81983489990233,169.52767639160157
2024-06-21,179.39874267578125,180.25999450683594,182.51199340820312,178.05999755859375,178.49000549316406,58903200,Google,GOOG,176.99429779052736,175.94236221313477,169.98108337402343
2024-06-24,179.92620849609375,180.7899932861328,182.0800018310547,180.22999572753906,181.27999877929688,18198300,Google,GOOG,177.49588775634766,176.23739471435547,170.38280975341797
2024-06-25,184.69334411621094,185.5800018310547,185.75,181.10499572753906,181.14500427246094,18797000,Google,GOOG,178.38661041259766,176.70765838623046,170.91168975830078
2024-06-26,184.4843292236328,185.3699951171875,185.92999267578125,183.99000549316406,184.1999969482422,13375700,Google,GOOG,179.10117950439454,177.08347091674804,171.49325103759764
2024-06-27,185.9672393798828,186.86000061035156,187.5,185.4499969482422,185.64500427246094,13025700,Google,GOOG,179.82769317626952,177.5642463684082,172.11103210449218
2024-06-28,182.5436553955078,183.4199981689453,186.5800018310547,183.3249969482422,185.72000122070312,23032400,Google,GOOG,180.49250183105468,178.0647071838379,172.6428451538086
2024-07-01,183.60853576660156,184.49000549316406,185.33999633789062,182.72999572753906,184.47999572753906,11815900,Google,GOOG,181.10157775878906,178.59853134155273,173.18442474365236
2024-07-02,185.71839904785156,186.61000061035156,186.9499969482422,183.05999755859375,183.47000122070312,12555500,Google,GOOG,181.8808364868164,179.21498413085936,173.80279571533202
2024-07-03,186.4946746826172,187.38999938964844,187.6199951171875,185.38499450683594,186.3000030517578,7409100,Google,GOOG,182.9696075439453,179.83496017456054,174.39235595703124
2024-07-05,191.04286193847656,191.9600067138672,192.25999450683594,187.32000732421875,187.32000732421875,14303400,Google,GOOG,184.38779907226564,180.5859176635742,175.03371246337892
2024-07-08,189.56993103027344,190.47999572753906,191.6790008544922,189.32000732421875,191.36500549316406,12097600,Google,GOOG,185.40491790771483,181.1996078491211,175.62214996337892
2024-07-09,189.53012084960938,190.44000244140625,192.86000061035156,190.22999572753906,191.75,10198500,Google,GOOG,186.3653091430664,181.93059844970702,176.27241912841797
2024-07-10,191.73951721191406,192.66000366210938,193.30999755859375,190.6199951171875,190.75,12052900,Google,GOOG,187.0699264526367,182.7282684326172,176.65393615722655
2024-07-11,186.40512084960938,187.3000030517578,192.41000366210938,186.82000732421875,191.33999633789062,16452000,Google,GOOG,187.2620056152344,183.18159255981445,177.04388092041015
2024-07-12,185.8876190185547,186.77999877929688,188.69000244140625,186.13999938964844,186.9199981689453,14449100,Google,GOOG,187.25404357910156,183.54086837768554,177.48829040527343
2024-07-15,187.29086303710938,188.19000244140625,189.89999389648438,186.49000549316406,186.49000549316406,12186000,Google,GOOG,187.72876434326173,184.1106330871582,177.9422750854492
2024-07-16,184.61370849609375,185.5,190.33999633789062,185.1199951171875,188.9600067138672,12760100,Google,GOOG,187.82928161621095,184.4654296875,178.28525787353516
2024-07-17,181.74746704101562,182.6199951171875,185.22999572753906,181.6199951171875,184.67999267578125,17376600,Google,GOOG,187.43218841552735,184.65651245117186,178.56037811279296
2024-07-18,178.36373901367188,179.22000122070312,184.0500030517578,178.2100067138672,183.5399932861328,17877200,Google,GOOG,186.6190948486328,184.79435119628906,178.75112335205077
2024-07-19,178.53289794921875,179.38999938964844,181.97000122070312,178.86000061035156,180.3699951171875,14485900,Google,GOOG,185.36809844970702,184.87794876098633,178.88262420654297
2024-07-22,182.4739990234375,183.35000610351562,184.3000030517578,181.89999389648438,182.35000610351562,16303900,Google,GOOG,184.65850524902345,185.03171157836914,179.12913208007814
2024-07-23,182.72279357910156,183.60000610351562,185.22000122070312,183.3300018310547,183.83999633789062,23772600,Google,GOOG,183.97777252197267,185.17154083251953,179.3722653198242
2024-07-24,173.53689575195312,174.3699951171875,177.9499969482422,173.57000732421875,175.38999938964844,31250700,Google,GOOG,182.15751037597656,184.61371841430665,179.45732818603517
2024-07-25,168.35179138183594,169.16000366210938,175.1999969482422,169.0500030517578,174.25,28967900,Google,GOOG,180.35217742919923,183.8070915222168,179.4265609741211
2024-07-26,167.87408447265625,168.67999267578125,169.83999633789062,165.86500549316406,168.77000427246094,25150100,Google,GOOG,178.5508239746094,182.90243377685547,179.36576171875
2024-07-29,170.3123779296875,171.1300048828125,172.16000366210938,169.72000122070312,170.5,13768900,Google,GOOG,176.85297546386718,182.29086990356444,179.31495849609374
2024-07-30,171.0388946533203,171.86000061035156,172.9499969482422,170.1199951171875,171.8300018310547,13681400,Google,GOOG,175.49549407958983,181.6623878479004,179.24786895751953
2024-07-31,172.3227081298828,173.14999389648438,175.91000366210938,171.72000122070312,174.9199981689453,15650200,Google,GOOG,174.55301818847656,180.99260330200195,179.16947540283203
2024-08-01,171.6260528564453,172.4499969482422,175.67999267578125,170.50999450683594,171.97999572753906,17177800,Google,GOOG,173.8792495727539,180.24917221069336,179.05388702392577
2024-08-02,167.5954132080078,168.39999389648438,170.2100067138672,166.38999938964844,168.19000244140625,18907800,Google,GOOG,172.7855010986328,179.07679977416993,178.83621368408203
2024-08-05,159.87249755859375,160.63999938964844,165.94000244140625,156.60000610351562,157.3699951171875,34907800,Google,GOOG,170.52535095214844,177.59192810058593,178.49469970703126
2024-08-06,159.77296447753906,160.5399932861328,162.35000610351562,158.1300048828125,160.94500732421875,36146500,Google,GOOG,168.2303680419922,176.10407028198242,178.20964782714844
2024-08-07,159.98196411132812,160.75,164.7899932861328,160.24000549316406,163.24000549316406,19334200,Google,GOOG,166.8748748779297,174.5161926269531,177.9035256958008
2024-08-08,163.05718994140625,163.83999633789062,165.5,162.02999877929688,162.343994140625,15733600,Google,GOOG,166.3454147338867,173.34879608154296,177.62530792236328
2024-08-09,164.5998077392578,165.38999938964844,165.52000427246094,160.92999267578125,161.64500427246094,13549200,Google,GOOG,166.0179870605469,172.28440551757814,177.39026947021483
2024-08-12,163.16668701171875,163.9499969482422,166.6999969482422,163.5500030517578,165.9949951171875,12435000,Google,GOOG,165.30341796875,171.07819671630858,177.20291442871093
2024-08-13,165.13720703125,165.92999267578125,166.5399932861328,164.77000427246094,165.18499755859375,12717600,Google,GOOG,164.71324920654297,170.1043716430664,177.04701751708984
2024-08-14,161.25584411621094,162.02999877929688,164.9600067138672,159.52999877929688,164.2100067138672,22515900,Google,GOOG,163.60656280517577,169.07979049682618,176.8043475341797
2024-08-15,162.39041137695312,163.1699981689453,163.52000427246094,161.49000549316406,162.2100067138672,18392500,Google,GOOG,162.68299865722656,168.28112411499023,176.57025268554688
2024-08-16,163.95291137695312,164.74000549316406,166.9499969482422,163.0800018310547,163.41000366210938,16853100,Google,GOOG,162.3187484741211,167.55212478637696,176.32883666992188
2024-08-19,167.5954132080078,168.39999389648438,168.47000122070312,166.08999633789062,167.0,13100800,Google,GOOG,163.0910400390625,166.80819549560547,176.13482238769532
2024-08-20,168.1527557373047,168.9600067138672,170.41000366210938,168.66000366210938,168.74000549316406,12622500,Google,GOOG,163.92901916503905,166.07969360351564,175.9996713256836
2024-08-21,166.8291015625,167.6300048828125,168.63999938964844,166.57000732421875,166.99000549316406,15269600,Google,GOOG,164.61373291015624,165.74430389404296,175.82053100585938
2024-08-22,164.69932556152344,165.49000549316406,169.4199981689453,165.02999877929688,169.0399932861328,19123800,Google,GOOG,164.77794647216797,165.56168060302736,175.56774475097657
2024-08-23,166.6300506591797,167.42999267578125,167.9499969482422,165.66000366210938,166.5500030517578,14281600,Google,GOOG,164.98097076416016,165.4994789123535,175.3263037109375
2024-08-26,167.12767028808594,167.92999267578125,169.3800048828125,166.32000732421875,168.15499877929688,11990300,Google,GOOG,165.37706909179687,165.34024353027343,175.1509457397461
2024-08-27,165.58506774902344,166.3800048828125,168.2449951171875,166.16000366210938,167.61000061035156,13718200,Google,GOOG,165.4218551635742,165.0675521850586,174.9122915649414
2024-08-28,163.71405029296875,164.5,167.38999938964844,163.27999877929688,166.77999877929688,15208700,Google,GOOG,165.66767578125,164.6371192932129,174.62805633544923
2024-08-29,162.6193084716797,163.39999389648438,167.6300048828125,161.98199462890625,166.05999755859375,17133800,Google,GOOG,165.69056549072266,164.1867820739746,174.36830322265624
2024-08-30,164.32115173339844,165.11000061035156,165.27999877929688,163.41000366210938,164.22000122070312,18498800,Google,GOOG,165.72738952636718,164.02306900024413,174.11750732421876
2024-09-03,157.85220336914062,158.61000061035156,163.3800048828125,157.85499572753906,163.31500244140625,26533100,Google,GOOG,164.75306854248046,163.92205429077148,173.68657653808594
2024-09-04,157.05601501464844,157.80999755859375,160.39999389648438,157.44000244140625,158.0749969482422,17410700,Google,GOOG,163.64339447021484,163.78620681762695,173.22917266845704
2024-09-05,157.8422393798828,158.60000610351562,161.01499938964844,157.52000427246094,157.77999877929688,14139500,Google,GOOG,162.7447082519531,163.6792205810547,172.69215057373046
2024-09-06,151.4031524658203,152.1300048828125,159.22000122070312,151.93499755859375,158.69000244140625,24999100,Google,GOOG,161.41509094238282,163.09651870727538,172.0305270385742
2024-09-09,149.0214385986328,149.5399932861328,154.63999938964844,148.1999969482422,153.6300048828125,28057700,Google,GOOG,159.65422973632812,162.31760025024414,171.2916110229492
2024-09-10,149.48980712890625,150.00999450683594,152.3000030517578,149.54299926757812,151.4499969482422,20401800,Google,GOOG,157.89044342041015,161.6337562561035,170.63053405761718
2024-09-11,151.62237548828125,152.14999389648438,152.47999572753906,148.6999969482422,151.08999633789062,18991500,Google,GOOG,156.49417419433593,160.95801467895507,169.99081085205077
2024-09-12,155.00062561035156,155.5399932861328,155.61000061035156,153.5,154.80999755859375,20980800,Google,GOOG,155.62283172607422,160.6452537536621,169.3764553833008
2024-09-13,157.82081604003906,158.3699951171875,159.27499389648438,156.11000061035156,156.36199951171875,16733900,Google,GOOG,155.14298248291016,160.4167739868164,168.80297821044923
2024-09-16,158.4386749267578,158.99000549316406,159.24000549316406,157.61000061035156,158.3300018310547,14157600,Google,GOOG,154.5547348022461,160.14106216430665,168.15089447021484
2024-09-17,159.7241973876953,160.27999877929688,161.58999633789062,159.41000366210938,160.08999633789062,12064800,Google,GOOG,154.74193420410157,159.74750137329102,167.55397979736327
2024-09-18,160.25234985351562,160.80999755859375,161.6300048828125,159.66000366210938,160.85000610351562,16756500,Google,GOOG,155.0615676879883,159.35248107910155,166.9684243774414
2024-09-19,162.67393493652344,163.24000549316406,164.99000549316406,162.52200317382812,164.82000732421875,17548200,Google,GOOG,155.54473724365235,159.14472274780275,166.3871127319336
2024-09-20,164.06907653808594,164.63999938964844,164.75,163.17999267578125,164.52000427246094,46362700,Google,GOOG,156.81132965087892,159.11321029663085,165.94039184570312
2024-09-23,162.50453186035156,163.07000732421875,166.61000061035156,162.9499969482422,165.33999633789062,15648400,Google,GOOG,158.15963897705078,158.90693435668945,165.47273010253906
2024-09-24,163.07254028320312,163.63999938964844,164.5500030517578,162.02999877929688,164.25,18774100,Google,GOOG,159.51791229248047,158.7041778564453,164.98836364746094
2024-09-25,162.4248046875,162.99000549316406,164.2169952392578,162.77499389648438,162.97000122070312,13607900,Google,GOOG,160.59815521240233,158.54616470336913,164.54458557128908
2024-09-26,163.2618865966797,163.8300018310547,165.5,163.5,165.02999877929688,18234500,Google,GOOG,161.42428131103514,158.5235565185547,164.17487396240233
2024-09-27,164.71682739257812,165.2899932861328,166.97000122070312,163.8300018310547,163.91000366210938,13604300,Google,GOOG,162.11388244628907,158.6284324645996,163.90193572998047
2024-09-30,166.6102294921875,167.19000244140625,167.36000061035156,164.63999938964844,164.77999877929688,14070100,Google,GOOG,162.93103790283203,158.74288635253907,163.66348236083985
2024-10-01,167.83596801757812,168.4199981689453,170.44000244140625,165.89999389648438,168.86000061035156,18629500,Google,GOOG,163.74221496582032,159.24207458496093,163.37072174072264
2024-10-02,166.7298126220703,167.30999755859375,168.8800048828125,166.25,167.75999450683594,12745000,Google,GOOG,164.38996124267578,159.72576446533202,163.05086212158204
2024-10-03,166.6301727294922,167.2100067138672,167.91000366210938,165.3699951171875,165.82000732421875,11004300,Google,GOOG,164.78558502197265,160.1651611328125,162.9127276611328
2024-10-04,167.97547912597656,168.55999755859375,169.5500030517578,166.9600067138672,169.33999633789062,11422100,Google,GOOG,165.1762252807617,160.9937774658203,162.90520141601561
2024-10-07,163.81993103027344,164.38999938964844,169.89999389648438,164.1300048828125,169.13999938964844,14034700,Google,GOOG,165.3077651977539,161.73370208740235,162.82411834716797
2024-10-08,165.12538146972656,165.6999969482422,166.10000610351562,164.30999755859375,165.42999267578125,11723900,Google,GOOG,165.51304931640624,162.51548080444337,162.72037841796876
2024-10-09,162.4945526123047,163.05999755859375,166.25999450683594,161.1199951171875,164.85499572753906,19666400,Google,GOOG,165.52002410888673,163.05908966064453,162.54949157714844
2024-10-10,162.61412048339844,163.17999267578125,164.31100463867188,161.63999938964844,162.11000061035156,12900500,Google,GOOG,165.4552474975586,163.43976440429688,162.35531982421875
2024-10-11,163.94949340820312,164.52000427246094,165.27000427246094,162.5,163.3300018310547,10946000,Google,GOOG,165.3785140991211,163.74619827270507,162.2017886352539
2024-10-14,165.7731475830078,166.35000610351562,167.6199951171875,164.77999877929688,164.91000366210938,9981800,Google,GOOG,165.29480590820313,164.11292190551757,162.1653433227539
2024-10-15,166.32122802734375,166.89999389648438,169.08999633789062,166.0500030517578,167.13999938964844,14829300,Google,GOOG,165.1433319091797,164.4427734375,162.2943179321289
2024-10-16,166.16180419921875,166.74000549316406,167.27999877929688,165.21600341796875,166.02999877929688,9968500,Google,GOOG,165.08653106689454,164.73824615478514,162.4220947265625
2024-10-17,163.93951416015625,164.50999450683594,167.92999267578125,164.3699951171875,167.3800048828125,15113400,Google,GOOG,164.81746520996094,164.8015251159668,162.50124572753907
2024-10-18,164.47764587402344,165.0500030517578,166.3699951171875,164.75,164.8699951171875,13091300,Google,GOOG,164.46768188476562,164.82195358276368,162.52965484619142
2024-10-21,165.22506713867188,165.8000030517578,166.22000122070312,164.30499267578125,164.5800018310547,11384000,Google,GOOG,164.60819549560546,164.95798034667968,162.5421600341797
2024-10-22,166.24151611328125,166.82000732421875,167.47000122070312,164.6699981689453,164.6999969482422,11958600,Google,GOOG,164.71980895996094,165.1164291381836,162.60365661621094
2024-10-23,163.9096221923828,164.47999572753906,167.60000610351562,163.63299560546875,166.42999267578125,12754300,Google,GOOG,164.86131591796874,165.19067001342773,162.5791049194336
2024-10-24,163.95945739746094,164.52999877929688,165.0500030517578,162.77000427246094,164.58999633789062,12764400,Google,GOOG,164.995849609375,165.2255485534668,162.6331771850586
2024-10-25,166.41091918945312,166.99000549316406,167.39999389648438,165.22999572753906,165.36500549316406,14566400,Google,GOOG,165.2419921875,165.31025314331055,162.7135873413086
2024-10-28,167.75624084472656,168.33999633789062,170.6060028076172,165.7899932861328,170.58999633789062,20858300,Google,GOOG,165.44030151367187,165.3675537109375,162.78965393066406
2024-10-29,170.54653930664062,171.13999938964844,171.86000061035156,168.66000366210938,169.38499450683594,28916100,Google,GOOG,165.86283264160156,165.50308227539062,162.8486764526367
2024-10-30,175.52920532226562,176.13999938964844,183.7899932861328,175.7449951171875,182.41000366210938,49698300,Google,GOOG,166.79957275390626,165.94305191040038,162.99620544433594
2024-10-31,172.09117126464844,172.69000244140625,178.4199981689453,172.55999755859375,174.72000122070312,32801900,Google,GOOG,167.61473846435547,166.2161018371582,163.1014468383789
2024-11-01,172.05130004882812,172.64999389648438,173.82000732421875,170.30999755859375,171.5399932861328,21752900,Google,GOOG,168.37210388183593,166.41989288330078,163.248486328125
2024-11-04,170.08811950683594,170.67999267578125,171.9199981689453,169.48500061035156,171.24000549316406,16194000,Google,GOOG,168.85840911865233,166.7333023071289,163.31764770507812
2024-11-05,170.81561279296875,171.41000366210938,172.0970001220703,170.3699951171875,170.8300018310547,12518300,Google,GOOG,169.3158187866211,167.017813873291,163.3914065551758
2024-11-06,177.7115936279297,178.3300018310547,178.63999938964844,175.0399932861328,175.35000610351562,27061500,Google,GOOG,170.69601593017578,167.77866592407227,163.6339370727539
2024-11-07,181.6479034423828,182.27999877929688,182.5800018310547,178.88999938964844,179.11000061035156,16730400,Google,GOOG,172.46486053466796,168.7303550720215,163.9926141357422
2024-11-08,179.23629760742188,179.86000061035156,182.35000610351562,179.57000732421875,182.0,15021500,Google,GOOG,173.74739837646484,169.49469528198242,164.32495391845703
2024-11-11,181.33897399902344,181.97000122070312,182.0850067138672,179.99000549316406,180.07000732421875,12503400,Google,GOOG,175.10567169189454,170.2729866027832,164.66531036376952
2024-11-12,182.68429565429688,183.32000732421875,184.02499389648438,180.99000549316406,181.3800048828125,14065800,Google,GOOG,176.31944732666017,171.09113998413085,165.16195220947264
2024-11-13,179.86410522460938,180.49000549316406,182.61500549316406,180.1199951171875,182.14999389648438,13969700,Google,GOOG,176.75293731689453,171.7762550354004,165.61811401367189
2024-11-14,176.73501586914062,177.35000610351562,180.44500732421875,176.02999877929688,179.75,17925800,Google,GOOG,177.21732177734376,172.4160301208496,165.99596954345702
2024-11-15,173.28700256347656,173.88999938964844,175.8800048828125,172.7449951171875,175.63999938964844,21708900,Google,GOOG,177.34089202880858,172.85649795532225,166.43364654541017
2024-11-18,176.18692016601562,176.8000030517578,176.91000366210938,174.4199981689453,174.9550018310547,18662800,Google,GOOG,177.95077209472657,173.40459060668945,166.97695617675782
2024-11-19,178.957275390625,179.5800018310547,180.1699981689453,175.11599731445312,175.23500061035156,15392900,Google,GOOG,178.7649383544922,174.04037857055664,167.5663055419922
2024-11-20,176.71505737304688,177.3300018310547,179.11000061035156,175.3300018310547,178.8300018310547,15729800,Google,GOOG,178.6652847290039,174.68065032958984,168.0681591796875
2024-11-21,168.6531219482422,169.24000549316406,175.5800018310547,165.30999755859375,175.4550018310547,38839400,Google,GOOG,177.36580657958984,174.91533355712892,168.34120910644532
2024-11-22,165.99240112304688,166.57000732421875,168.26499938964844,165.7100067138672,167.16000366210938,24497000,Google,GOOG,176.04141693115236,174.8944076538086,168.50464080810548
2024-11-25,168.8424530029297,169.42999267578125,170.4600067138672,167.39999389648438,167.99000549316406,21395700,Google,GOOG,174.79176483154296,174.94871826171874,168.7127163696289
2024-11-26,170.0283203125,170.6199951171875,171.4949951171875,169.42999267578125,169.49000549316406,14937500,Google,GOOG,173.5261672973633,174.9228073120117,168.918798828125
2024-11-27,170.22764587402344,170.82000732421875,171.13999938964844,169.6699981689453,170.67999267578125,12433400,Google,GOOG,172.5625213623047,174.6577293395996,169.11830474853517
2024-11-29,169.89878845214844,170.49000549316406,170.8699951171875,168.75,170.05999755859375,9250700,Google,GOOG,171.87889862060547,174.5481101989746,169.26280181884766
2024-12-02,172.38014221191406,172.97999572753906,173.60000610351562,170.27000427246094,170.32000732421875,16593400,Google,GOOG,171.78821258544923,174.5645523071289,169.42902313232423
2024-12-03,172.42001342773438,173.02000427246094,174.32000732421875,172.50999450683594,173.1199951171875,15721500,Google,GOOG,171.4115219116211,174.68114700317383,169.6273327636719
2024-12-04,175.4793701171875,176.08999633789062,176.42999267578125,172.75,172.77999877929688,18239800,Google,GOOG,171.06373138427733,174.91433486938476,169.87546936035156
2024-12-05,173.7055206298828,174.30999755859375,177.7100067138672,174.00999450683594,177.32000732421875,16145500,Google,GOOG,170.76277770996094,174.71403121948242,170.1010836791992
2024-12-06,175.87799072265625,176.49000549316406,176.83900451660156,173.5500030517578,173.8800048828125,13319500,Google,GOOG,171.48526458740236,174.4255355834961,170.35340576171876
2024-12-09,176.68609619140625,177.10000610351562,178.0399932861328,175.39999389648438,175.71499633789062,19887800,Google,GOOG,172.55463409423828,174.29802551269532,170.59279113769531
2024-12-10,186.09405517578125,186.52999877929688,188.02999877929688,182.6699981689453,184.53500366210938,34317400,Google,GOOG,174.27979431152343,174.5357795715332,170.9824676513672
2024-12-11,196.25027465820312,196.7100067138672,196.88999938964844,186.25999450683594,186.6999969482422,41664500,Google,GOOG,176.90198974609376,175.2140785217285,171.55075378417968
2024-12-12,193.17745971679688,193.6300048828125,196.7050018310547,193.27999877929688,196.3000030517578,25197800,Google,GOOG,179.19697113037108,175.8797462463379,172.07970672607422
2024-12-13,190.93270874023438,191.3800048828125,194.33999633789062,191.25999450683594,192.7100067138672,18883200,Google,GOOG,181.30036315917968,176.5896308898926,172.56575744628907
2024-12-16,197.69688415527344,198.16000366210938,200.63999938964844,194.11000061035156,194.36500549316406,32248600,Google,GOOG,183.83203735351563,177.81012496948242,173.160185546875
2024-12-17,196.65928649902344,197.1199951171875,202.8800048828125,196.69000244140625,198.52999877929688,24129500,Google,GOOG,186.25596466064454,178.8337432861328,173.81697265625
2024-12-18,189.70558166503906,190.14999389648438,198.69000244140625,189.27999877929688,196.8300018310547,27638400,Google,GOOG,187.6785858154297,179.37115859985352,174.30857666015626
2024-12-19,189.2566375732422,189.6999969482422,194.60000610351562,189.52000427246094,193.27999877929688,26981200,Google,GOOG,189.23369750976562,179.99823760986328,174.843818359375
2024-12-20,192.50901794433594,192.9600067138672,194.13499450683594,186.3699951171875,187.00999450683594,45319700,Google,GOOG,190.89680023193358,181.19103240966797,175.44171630859375
2024-12-23,195.5319366455078,195.99000549316406,196.49000549316406,191.6300048828125,194.02999877929688,15235900,Google,GOOG,192.78138427734376,182.66800918579102,176.07336517333985
2024-12-24,197.10826110839844,197.57000732421875,197.6699981689453,195.197998046875,196.1699981689453,6809800,Google,GOOG,193.88280487060547,184.08129959106446,176.70006744384764
2024-12-26,196.6393585205078,197.10000610351562,198.16000366210938,195.8699951171875,196.74000549316406,7907900,Google,GOOG,193.92171325683594,185.41185150146484,177.30643005371093
2024-12-27,193.58648681640625,194.0399932861328,196.8000030517578,191.9720001220703,196.47000122070312,14693000,Google,GOOG,193.96261596679688,186.57979354858398,177.85492370605468
2024-12-30,192.23965454101562,192.69000244140625,193.77999877929688,190.36000061035156,190.86500549316406,12209500,Google,GOOG,194.093310546875,187.69683685302735,178.42092651367187
2024-12-31,189.99490356445312,190.44000244140625,193.25,189.5800018310547,192.44500732421875,14355200,Google,GOOG,193.32311248779297,188.57757492065429,178.93127166748047
2025-01-02,190.18446350097656,190.6300048828125,193.1999969482422,188.7100067138672,191.48500061035156,17545200,Google,GOOG,192.67563018798828,189.4657974243164,179.43045959472656
2025-01-03,192.6786346435547,193.1300048828125,194.5,191.35000610351562,192.72500610351562,12875000,Google,GOOG,192.97293548583986,190.32576065063478,179.95920196533203
2025-01-06,197.49734497070312,197.9600067138672,199.55999755859375,195.05999755859375,195.14999389648438,19483300,Google,GOOG,193.79700622558593,191.51535186767578,180.63095642089843
2025-01-07,196.25027465820312,196.7100067138672,202.13999938964844,195.94000244140625,198.27000427246094,16966800,Google,GOOG,194.17113189697267,192.53396606445312,181.27677276611328
2025-01-08,194.93333435058594,195.38999938964844,197.63999938964844,193.75,193.9499969482422,14335300,Google,GOOG,194.11127166748048,193.44632797241212,181.84722106933594
2025-01-10,192.71853637695312,193.1699981689453,197.6199951171875,191.60000610351562,195.4199981689453,20753800,Google,GOOG,193.67229919433595,193.7775520324707,182.34646697998048
2025-01-13,191.840576171875,192.2899932861328,192.49000549316406,188.66000366210938,191.35000610351562,13169100,Google,GOOG,193.19242095947266,193.55706710815429,182.77234771728516
2025-01-14,190.60348510742188,191.0500030517578,193.27000427246094,189.63999938964844,192.5,13651200,Google,GOOG,192.8941207885742,193.42836837768556,183.07383331298828
2025-01-15,196.51962280273438,196.97999572753906,197.8000030517578,193.3300018310547,194.35000610351562,12894900,Google,GOOG,193.3221176147461,193.70771408081055,183.56240234375
2025-01-16,193.95562744140625,194.41000366210938,196.97999572753906,194.3000030517578,195.8249969482422,13449600,Google,GOOG,193.71819000244142,193.5206512451172,184.00048889160155
2025-01-17,197.0883026123047,197.5500030517578,198.80999755859375,195.30999755859375,198.0500030517578,22109100,Google,GOOG,194.40857391357423,193.54210205078124,184.54049255371095
2025-01-21,199.16343688964844,199.6300048828125,203.83999633789062,199.44000244140625,200.50999450683594,19005200,Google,GOOG,195.0570541381836,194.0149948120117,185.10744903564452
2025-01-22,199.5625,200.02999877929688,202.1199951171875,199.1999969482422,200.5500030517578,15477400,Google,GOOG,195.2635696411133,194.5302879333496,185.54446716308593
2025-01-23,199.11355590820312,199.5800018310547,201.94000244140625,196.82000732421875,199.97999572753906,15170800,Google,GOOG,195.54989776611328,194.86051483154296,185.89378021240233
2025-01-24,201.42813110351562,201.89999389648438,202.57000732421875,199.78399658203125,199.85000610351562,12732400,Google,GOOG,196.19937744140626,195.15532455444335,186.33761688232423
2025-01-27,193.317138671875,193.77000427246094,198.6699981689453,192.6999969482422,194.19000244140625,24970200,Google,GOOG,196.25923767089844,194.96576843261718,186.57718017578125
2025-01-28,196.6094207763672,197.07000732421875,197.22999572753906,192.61000061035156,194.64999389648438,15939200,Google,GOOG,196.73612213134766,194.96427154541016,186.85568267822265
2025-01-29,196.7191619873047,197.17999267578125,198.4600067138672,195.19000244140625,197.3699951171875,12287800,Google,GOOG,197.34768981933593,195.12090530395508,187.19278381347655
2025-01-30,202.1564178466797,202.6300048828125,203.23800659179688,199.4720001220703,199.75999450683594,14571500,Google,GOOG,197.91136932373047,195.6167434692383,187.70121185302733
2025-01-31,205.11949157714844,205.60000610351562,207.0800018310547,203.5800018310547,203.71499633789062,17060300,Google,GOOG,199.0277557373047,196.37297286987305,188.33786163330078
2025-02-03,202.1663818359375,202.63999938964844,205.22000122070312,201.66000366210938,202.21499633789062,16719500,Google,GOOG,199.53556365966796,196.9720687866211,188.85745086669922
2025-02-04,207.22454833984375,207.7100067138672,208.6999969482422,204.25999450683594,204.5,28285400,Google,GOOG,200.3416748046875,197.69936447143556,189.4227963256836
2025-02-05,192.84823608398438,193.3000030517578,194.5500030517578,189.91000366210938,193.10000610351562,43666400,Google,GOOG,199.67024841308594,197.4669090270996,189.74545989990236
2025-02-06,192.8582000732422,193.30999755859375,193.8300018310547,190.49000549316406,190.99000549316406,20816600,Google,GOOG,199.04471282958986,197.29730529785155,190.22956146240233
2025-02-07,186.70262145996094,187.13999938964844,193.01499938964844,185.10000610351562,192.74000549316406,29565700,Google,GOOG,197.57216186523436,196.88576965332032,190.64376586914062
2025-02-10,187.7601318359375,188.1999969482422,189.99000549316406,187.61000061035156,189.05999755859375,16606000,Google,GOOG,197.01646118164064,196.63784942626953,191.02211944580077
2025-02-11,186.63279724121094,187.07000732421875,188.8000030517578,186.0800018310547,186.8350067138672,13028100,Google,GOOG,196.018798828125,196.37746047973633,191.354208984375
2025-02-12,184.99661254882812,185.42999267578125,186.8300018310547,183.6300048828125,185.22999572753906,17632300,Google,GOOG,194.84654388427734,196.09711685180665,191.6495883178711
2025-02-13,187.44088745117188,187.8800048828125,187.99000549316406,184.8800048828125,185.92999267578125,12729300,Google,GOOG,193.37499084472657,195.6431800842285,192.00043029785155
2025-02-14,186.43325805664062,186.8699951171875,188.14999389648438,186.11000061035156,186.8300018310547,12714200,Google,GOOG,191.5063674926758,195.26706161499024,192.2814926147461
2025-02-18,185.36575317382812,185.8000030517578,187.77999877929688,183.5800018310547,187.44000244140625,19796000,Google,GOOG,189.82630462646483,194.6809341430664,192.54040740966798
2025-02-19,186.69264221191406,187.1300048828125,187.36000061035156,185.5,186.18499755859375,13120500,Google,GOOG,187.7731140136719,194.0573944091797,192.7646728515625
2025-02-20,186.20379638671875,186.63999938964844,187.1199951171875,184.60000610351562,186.5,12063800,Google,GOOG,187.10867004394532,193.38945922851562,193.01463836669922
2025-02-21,181.15562438964844,181.5800018310547,187.47000122070312,181.1300048828125,187.2899932861328,19520800,Google,GOOG,185.93841247558595,192.4915626525879,193.12019104003906
2025-02-24,180.7665252685547,181.19000244140625,185.08999633789062,180.8800048828125,183.8000030517578,18734000,Google,GOOG,185.3448028564453,191.45848236083984,193.20179962158204
2025-02-25,176.9554443359375,177.3699951171875,180.75999450683594,176.77000427246094,180.15499877929688,20832500,Google,GOOG,184.26433410644532,190.64039764404296,193.01902740478516
2025-02-26,174.29168701171875,174.6999969482422,178.0800018310547,173.58999633789062,176.94500732421875,23637200,Google,GOOG,183.03022308349608,189.52451095581054,192.57985565185547
2025-02-27,169.81219482421875,170.2100067138672,176.58999633789062,169.7519989013672,175.94000244140625,25930500,Google,GOOG,181.51178131103515,188.17916259765624,192.1125503540039
2025-02-28,171.81748962402344,172.22000122070312,172.5,168.38999938964844,170.3000030517578,30049800,Google,GOOG,179.9494415283203,186.66221618652344,191.7302459716797
2025-03-03,168.2658233642578,168.66000366210938,175.0,167.63999938964844,173.72999572753906,24122000,Google,GOOG,178.13269805908203,184.8195327758789,191.14162475585937
2025-03-04,172.2065887451172,172.61000061035156,175.1649932861328,167.5399932861328,167.94000244140625,30711400,Google,GOOG,176.81678161621093,183.3215431213379,190.65257080078126
2025-03-05,174.58103942871094,174.99000549316406,175.75,170.92999267578125,172.32000732421875,18848000,Google,GOOG,175.60562133789062,181.68936767578126,190.35007995605469
2025-03-06,173.8028564453125,174.2100067138672,176.72999572753906,172.50799560546875,172.5500030517578,19082400,Google,GOOG,174.36552734375,180.73709869384766,190.0410043334961
2025-03-07,175.33924865722656,175.75,176.89999389648438,172.25,173.24200439453125,16395300,Google,GOOG,173.7838897705078,179.86115112304688,189.6976089477539
2025-03-10,167.60853576660156,167.80999755859375,170.4499969482422,165.56500244140625,170.16000366210938,28990700,Google,GOOG,172.4680908203125,178.9064468383789,189.13914093017578
2025-03-11,165.78073120117188,165.97999572753906,168.65499877929688,163.24000549316406,166.67999267578125,23705900,Google,GOOG,171.35061950683593,177.80747680664064,188.51259033203124
2025-03-12,168.79710388183594,169.0,169.52999877929688,165.47999572753906,168.47000122070312,19880100,Google,GOOG,170.80116119384766,176.9156921386719,187.95574523925782
2025-03-13,164.5322265625,164.72999572753906,168.1199951171875,164.07000732421875,167.97999572753906,15206200,Google,GOOG,170.27316436767578,175.89247283935546,187.3746600341797
2025-03-14,167.41876220703125,167.6199951171875,168.25,164.50999450683594,165.31500244140625,18611100,Google,GOOG,169.83329162597656,174.89136657714843,186.8782421875
2025-03-17,166.37002563476562,166.57000732421875,168.4600067138672,165.80999755859375,167.3249969482422,17839100,Google,GOOG,169.64371185302736,173.8882049560547,186.40574462890626
2025-03-18,162.47470092773438,162.6699981689453,166.44000244140625,158.8000030517578,165.9600067138672,24616800,Google,GOOG,168.67052307128907,172.74365234375,185.85154937744142
2025-03-19,166.0803680419922,166.27999877929688,168.13299560546875,163.0500030517578,163.9149932861328,24955700,Google,GOOG,167.8204559326172,171.7130386352539,185.31958404541015
2025-03-20,164.8518524169922,165.0500030517578,167.02999877929688,163.13999938964844,163.8249969482422,19981500,Google,GOOG,166.92535552978515,170.64544143676758,184.66667419433594
2025-03-21,166.0504150390625,166.25,166.47000122070312,163.02999877929688,163.3800048828125,29882100,Google,GOOG,165.99647216796876,169.8901809692383,184.06267700195312
2025-03-24,169.72598266601562,169.92999267578125,170.5,167.44000244140625,169.26499938964844,18742800,Google,GOOG,166.20821685791014,169.33815383911133,183.55852996826172
2025-03-25,172.58255004882812,172.7899932861328,172.91000366210938,170.5500030517578,171.17999267578125,13841600,Google,GOOG,166.88839874267578,169.11950912475587,183.1558102416992
2025-03-26,166.9393310546875,167.13999938964844,171.94000244140625,166.86099243164062,171.3000030517578,22498000,Google,GOOG,166.70262145996094,168.75189132690429,182.65778533935546
2025-03-27,163.8830108642578,164.0800018310547,167.44000244140625,163.85000610351562,166.7100067138672,21571200,Google,GOOG,166.63769989013673,168.45543212890624,182.1233758544922
2025-03-28,155.8726348876953,156.05999755859375,163.80999755859375,155.33900451660156,162.36000061035156,34866500,Google,GOOG,165.48308715820312,167.65818939208984,181.3104360961914
2025-03-31,156.0424346923828,156.22999572753906,157.1300048828125,152.2100067138672,154.80999755859375,33591600,Google,GOOG,164.45032806396483,167.0470199584961,180.55217224121094
2025-04-01,158.6892547607422,158.8800048828125,160.0800018310547,155.2550048828125,155.3000030517578,20111400,Google,GOOG,164.07178344726563,166.37115325927735,179.78419128417968
2025-04-02,158.66928100585938,158.86000061035156,160.27499389648438,156.52999877929688,156.9600067138672,17113300,Google,GOOG,163.33067474365234,165.57556533813477,178.9743081665039
2025-04-03,152.44676208496094,152.6300048828125,154.68699645996094,152.17999267578125,152.8350067138672,28416100,Google,GOOG,162.0901657104492,164.50776062011718,178.03199340820314
2025-04-04,147.56263732910156,147.74000549316406,153.08999633789062,147.5399932861328,149.89999389648438,39832200,Google,GOOG,160.24138793945312,163.11893005371093,177.0009750366211
2025-04-07,149.0608367919922,149.24000549316406,154.92999267578125,142.66000366210938,143.38999938964844,47823000,Google,GOOG,158.17487335205078,162.19154510498046,175.9536291503906
2025-04-08,146.40402221679688,146.5800018310547,154.44000244140625,145.2100067138672,153.5749969482422,35304400,Google,GOOG,155.55702056884766,161.22270965576172,175.01536682128906
2025-04-09,160.86663818359375,161.05999755859375,161.8699951171875,145.80999755859375,146.3300018310547,46479500,Google,GOOG,154.9497512817383,160.8261863708496,174.3005111694336
2025-04-10,155.1834716796875,155.3699951171875,160.02999877929688,152.1999969482422,158.75999450683594,35270500,Google,GOOG,154.07979736328124,160.35874862670897,173.46979736328126
2025-04-11,159.2086181640625,159.39999389648438,159.86000061035156,155.5850067138672,155.5850067138672,22582000,Google,GOOG,154.41339569091798,159.94824142456054,172.6108413696289
2025-04-14,161.27615356445312,161.47000122070312,164.02999877929688,159.9199981689453,162.30999755859375,18255900,Google,GOOG,154.936767578125,159.69354782104492,171.733974609375
2025-04-15,158.48948669433594,158.67999267578125,162.0500030517578,157.64500427246094,161.57000732421875,15690800,Google,GOOG,154.9167907714844,159.494287109375,170.86043670654297
2025-04-16,155.3133087158203,155.5,158.17999267578125,153.91000366210938,155.47000122070312,16921500,Google,GOOG,154.58119354248046,158.9559341430664,169.8222119140625
2025-04-17,153.17588806152344,153.36000061035156,157.07000732421875,150.89999389648438,156.61000061035156,19513400,Google,GOOG,154.65410614013672,158.37213592529298,169.0287649536133
2025-04-21,149.68008422851562,149.86000061035156,151.05999755859375,148.39999389648438,150.96499633789062,16147800,Google,GOOG,154.86585083007813,157.55361938476562,168.16520263671876
2025-04-22,153.71522521972656,153.89999389648438,154.61000061035156,150.8699951171875,151.07000732421875,15910300,Google,GOOG,155.33128967285157,156.75308151245116,167.50545471191407
2025-04-23,157.53065490722656,157.72000122070312,160.02000427246094,156.35000610351562,157.91000366210938,18575700,Google,GOOG,156.44395294189454,156.0004867553711,166.90086517333984
2025-04-24,161.27615356445312,161.47000122070312,161.7100067138672,158.08999633789062,158.52499389648438,30787500,Google,GOOG,156.48490447998046,155.7173278808594,166.3937322998047
2025-04-25,163.65328979492188,163.85000610351562,168.24000549316406,163.0,167.10000610351562,35148100,Google,GOOG,157.3318862915039,155.7058418273926,165.96686584472656
2025-04-28,162.22500610351562,162.4199981689453,164.9499969482422,160.3800048828125,164.25999450683594,20871200,Google,GOOG,157.6335250854492,156.0234603881836,165.46254821777345
2025-04-29,161.8654327392578,162.05999755859375,162.67999267578125,159.38999938964844,162.0449981689453,15955200,Google,GOOG,157.69245300292968,156.31461029052736,164.97119171142577
2025-04-30,160.69683837890625,160.88999938964844,161.37399291992188,157.15499877929688,159.86000061035156,20639500,Google,GOOG,157.9131881713867,156.41498947143555,164.47781341552735
2025-05-01,162.5945587158203,162.7899932861328,163.94000244140625,160.92999267578125,162.52000427246094,21904300,Google,GOOG,158.6413131713867,156.6112533569336,163.99585174560548
2025-05-02,165.61093139648438,165.80999755859375,166.6999969482422,163.66000366210938,164.9550018310547,16844900,Google,GOOG,159.88481750488282,157.26946182250975,163.58399444580078
2025-05-05,165.85064697265625,166.0500030517578,167.10000610351562,164.47000122070312,164.51499938964844,15309300,Google,GOOG,161.5018737792969,158.1838623046875,163.27789489746092
2025-05-06,165.0016632080078,165.1999969482422,166.74000549316406,163.1300048828125,163.9600067138672,10691900,Google,GOOG,162.630517578125,158.98090362548828,162.96259765625
2025-05-07,152.61656188964844,152.8000030517578,166.99000549316406,149.49000549316406,166.07000732421875,78729800,Google,GOOG,162.13910827636718,159.29153060913086,162.47582000732422
2025-05-08,155.56301879882812,155.75,157.41000366210938,154.10000610351562,155.9199981689453,38387500,Google,GOOG,161.5677947998047,159.02634963989257,162.10124664306642
2025-05-09,154.1946563720703,154.3800048828125,156.42999267578125,153.8300018310547,155.5500030517578,22871000,Google,GOOG,160.62193145751954,158.9769088745117,161.78889587402344
2025-05-12,159.38841247558594,159.5800018310547,160.44000244140625,157.88999938964844,159.10000610351562,31884900,Google,GOOG,160.33827209472656,158.98589859008788,161.54031433105467
2025-05-13,160.69683837890625,160.88999938964844,162.05999755859375,157.5800018310547,159.9199981689453,24944300,Google,GOOG,160.2214126586914,158.95693283081056,161.38893463134767
2025-05-14,166.60972595214844,166.80999755859375,168.33999633789062,160.92999267578125,161.30999755859375,31769200,Google,GOOG,160.8127014160156,159.36294479370116,161.2769973754883
2025-05-15,165.201416015625,165.39999389648438,167.50999450683594,163.83999633789062,167.13999938964844,22717600,Google,GOOG,161.0733871459961,159.85735015869142,161.08940490722657
2025-05-16,167.22898864746094,167.42999267578125,170.64999389648438,166.9499969482422,168.92999267578125,36271400,Google,GOOG,161.23519287109374,160.56000518798828,160.95792755126953
2025-05-19,167.66845703125,167.8699951171875,167.9499969482422,165.4149932861328,165.71499633789062,21374700,Google,GOOG,161.41697387695314,161.459423828125,160.80451171875
2025-05-20,165.1215362548828,165.32000732421875,169.67999267578125,164.25999450683594,167.75999450683594,33563300,Google,GOOG,161.42896118164063,162.0297393798828,160.75477172851564
2025-05-21,169.8558349609375,170.05999755859375,174.52999877929688,164.88999938964844,164.9499969482422,45567600,Google,GOOG,163.15288848876952,162.64599838256837,160.83627380371092
2025-05-22,171.77352905273438,171.97999572753906,178.1300048828125,171.8800048828125,173.35000610351562,45024100,Google,GOOG,164.77393951416016,163.1708671569824,160.89580230712892
2025-05-23,169.3863983154297,169.58999633789062,171.2050018310547,169.25999450683594,170.27999877929688,24963600,Google,GOOG,166.2931137084961,163.4575225830078,160.9928857421875
2025-05-27,173.7711181640625,173.97999572753906,174.2899932861328,171.2100067138672,171.3000030517578,24341300,Google,GOOG,167.73138427734375,164.03482818603516,161.11993286132812
2025-05-28,173.17185974121094,173.3800048828125,176.47999572753906,173.01499938964844,173.97999572753906,25999200,Google,GOOG,168.97888641357423,164.60014953613282,161.25596954345704
2025-05-29,172.7523651123047,172.9600067138672,175.39999389648438,171.77999877929688,175.0,21174700,Google,GOOG,169.59315032958983,165.20292587280272,161.46152282714843
2025-05-30,172.64248657226562,172.85000610351562,173.44000244140625,168.52499389648438,172.41000366210938,36258300,Google,GOOG,170.3372573852539,165.705322265625,161.59276519775392
2025-06-02,170.1654510498047,170.3699951171875,171.06199645996094,168.64999389648438,169.00999450683594,24742900,Google,GOOG,170.6309036254883,165.93304824829102,161.69903717041015
2025-06-03,167.5086669921875,167.7100067138672,169.8000030517578,166.67999267578125,168.86500549316406,25386700,Google,GOOG,170.61492462158202,166.01594924926758,161.72820220947267
2025-06-04,169.18663024902344,169.38999938964844,169.5800018310547,167.7949981689453,168.27999877929688,18508700,Google,GOOG,171.02143402099608,166.22519760131837,161.7174151611328
2025-06-05,169.6061248779297,169.80999755859375,172.36000061035156,169.35000610351562,171.6199951171875,25375400,Google,GOOG,170.9964630126953,167.0746757507324,161.65788665771484
2025-06-06,174.70999145507812,174.9199981689453,175.8300018310547,172.3000030517578,172.3000030517578,22258100,Google,GOOG,171.29010925292968,168.03202438354492,161.81329986572266
2025-06-09,177.6300048828125,177.6300048828125,177.9149932861328,175.66000366210938,175.8699951171875,18817600,Google,GOOG,172.11446990966797,169.20379180908202,162.08823974609376
2025-06-10,180.00999450683594,180.00999450683594,182.44500732421875,176.47500610351562,177.75999450683594,32908000,Google,GOOG,172.7383575439453,170.23487091064453,162.57098693847655
2025-06-11,178.7899932861328,178.7899932861328,181.75,178.0,181.22999572753906,18994400,Google,GOOG,173.3001708984375,171.13952865600587,163.02593811035158
2025-06-12,176.97000122070312,176.97000122070312,178.1300048828125,176.11000061035156,177.47999572753906,17345900,Google,GOOG,173.72193450927733,171.65754241943358,163.3915530395508
2025-06-13,175.8800048828125,175.8800048828125,178.34300231933594,173.57000732421875,173.5800018310547,20873200,Google,GOOG,174.04568634033203,172.19147186279298,163.73576751708984
2025-06-16,177.94000244140625,177.94000244140625,178.2449951171875,175.82000732421875,175.90499877929688,18132500,Google,GOOG,174.8231414794922,172.72702255249024,164.24563232421875
2025-06-17,177.22999572753906,177.22999572753906,178.71499633789062,175.94000244140625,177.0,17656100,Google,GOOG,175.79527435302734,173.2050994873047,164.8389794921875
2025-06-18,173.97999572753906,173.97999572753906,177.82400512695312,172.83999633789062,177.27999877929688,32531800,Google,GOOG,176.2746109008789,173.6480224609375,165.33736267089844
2025-06-20,167.72999572753906,167.72999572753906,175.36500549316406,166.27000427246094,174.86500549316406,55402600,Google,GOOG,176.08699798583984,173.54173049926757,165.76388214111327
2025-06-23,166.00999450683594,166.00999450683594,168.47999572753906,163.3300018310547,167.32000732421875,36975600,Google,GOOG,175.2169982910156,173.25355377197266,165.86674926757811
2025-06-24,167.74000549316406,167.74000549316406,169.25,166.91000366210938,167.68499755859375,27310300,Google,GOOG,174.22799835205078,173.17123413085938,166.11787994384767
2025-06-25,171.49000549316406,171.49000549316406,173.36000061035156,168.56100463867188,168.64999389648438,23627400,Google,GOOG,173.3759994506836,173.05717849731445,166.36350769042969
2025-06-26,174.42999267578125,174.42999267578125,174.64999389648438,170.86000061035156,173.38499450683594,25909100,Google,GOOG,172.93999938964845,173.12008514404297,166.62658447265625
2025-06-27,178.27000427246094,178.27000427246094,178.83999633789062,172.7100067138672,174.6300048828125,74053100,Google,GOOG,173.06999969482422,173.39596710205078,167.02219482421876
2025-06-30,177.38999938964844,177.38999938964844,181.5800018310547,175.5,180.78500366210938,43964600,Google,GOOG,173.22099914550782,173.63334274291992,167.4637286376953
2025-07-01,176.91000366210938,176.91000366210938,177.22000122070312,174.66000366210938,176.80499267578125,25778500,Google,GOOG,173.1179992675781,173.97057037353517,167.93841094970702
2025-07-02,179.75999450683594,179.75999450683594,179.93499755859375,176.08999633789062,176.5449981689453,19325900,Google,GOOG,173.37099914550782,174.58313674926757,168.54000915527342
2025-07-03,180.5500030517578,180.5500030517578,180.77000427246094,178.19000244140625,179.82000732421875,13287400,Google,GOOG,174.0279998779297,175.15130538940429,169.07670471191406
2025-07-07,177.55999755859375,177.55999755859375,180.33999633789062,176.63999938964844,180.13499450683594,20991400,Google,GOOG,175.01100006103516,175.5489990234375,169.4772915649414
2025-07-08,175.16000366210938,175.16000366210938,178.7899932861328,173.9199981689453,178.77999877929688,24108600,Google,GOOG,175.9260009765625,175.57149963378907,169.75496856689452
2025-07-09,177.66000366210938,177.66000366210938,180.27999877929688,173.8800048828125,176.11000061035156,31288000,Google,GOOG,176.91800079345703,175.5729995727539,170.03510284423828
2025-07-10,178.6999969482422,178.6999969482422,179.58999633789062,175.74000549316406,176.6699981689453,24693700,Google,GOOG,177.63899993896484,175.50749969482422,170.3646026611328
2025-07-11,181.30999755859375,181.30999755859375,182.61000061035156,177.54100036621094,177.91000366210938,23975700,Google,GOOG,178.3270004272461,175.63349990844728,170.75349395751954
2025-07-14,182.80999755859375,182.80999755859375,184.72999572753906,180.71099853515625,182.07000732421875,20990400,Google,GOOG,178.78099975585937,175.9254997253418,171.1957571411133
2025-07-15,183.10000610351562,183.10000610351562,185.41000366210938,182.38999938964844,183.94000244140625,23911600,Google,GOOG,179.35200042724608,176.28649978637696,171.60586608886717
2025-07-16,183.77000427246094,183.77000427246094,185.3350067138672,183.0800018310547,184.32000732421875,21152600,Google,GOOG,180.03800048828126,176.5779998779297,171.96904754638672
2025-07-17,184.6999969482422,184.6999969482422,185.18699645996094,181.5,183.11500549316406,21654400,Google,GOOG,180.53200073242186,176.95149993896484,172.34603454589845
2025-07-18,185.94000244140625,185.94000244140625,187.36000061035156,184.72999572753906,186.6199951171875,21033400,Google,GOOG,181.0710006713867,177.54950027465821,172.7648013305664
2025-07-21,191.14999389648438,191.14999389648438,191.25999450683594,187.0500030517578,187.10000610351562,24665000,Google,GOOG,182.43000030517578,178.72050018310546,173.53546997070313
2025-07-22,192.11000061035156,192.11000061035156,193.36000061035156,188.4949951171875,192.4199981689453,26212900,Google,GOOG,184.125,180.02550048828124,174.2664096069336
2025-07-23,191.50999450683594,191.50999450683594,193.36000061035156,190.17999267578125,192.36000061035156,34068100,Google,GOOG,185.50999908447267,181.21399993896483,175.01271636962892
2025-07-24,193.1999969482422,193.1999969482422,198.97000122070312,191.9499969482422,198.11000061035156,45252100,Google,GOOG,186.95999908447266,182.29949951171875,175.68894805908204
2025-07-25,194.0800018310547,194.0800018310547,195.27499389648438,192.1300048828125,192.92999267578125,31101800,Google,GOOG,188.23699951171875,183.28199996948243,176.356611328125
2025-07-28,193.4199981689453,193.4199981689453,194.82000732421875,191.85499572753906,194.41000366210938,25553500,Google,GOOG,189.2979995727539,184.03949966430665,176.89281677246095
2025-07-29,196.42999267578125,196.42999267578125,196.66000366210938,192.99000549316406,193.3000030517578,31891600,Google,GOOG,190.63099822998046,184.9914993286133,177.51738830566407
2025-07-30,197.44000244140625,197.44000244140625,198.47999572753906,195.55999755859375,196.3000030517578,21150500,Google,GOOG,191.997998046875,186.01799926757812,178.12160858154297
2025-07-31,192.86000061035156,192.86000061035156,196.8300018310547,192.0800018310547,196.60000610351562,27852000,Google,GOOG,192.81399841308593,186.6729995727539,178.625439453125
2025-08-01,189.9499969482422,189.9499969482422,191.6179962158203,188.6999969482422,189.77999877929688,21236700,Google,GOOG,193.21499786376953,187.14299926757812,179.1220086669922
2025-08-04,195.75,195.75,196.0800018310547,190.9199981689453,191.1750030517578,23386000,Google,GOOG,193.67499847412108,188.05249938964843,179.63989196777345
2025-08-05,195.32000732421875,195.32000732421875,198.6999969482422,194.6750030517578,195.5449981689453,19010200,Google,GOOG,193.99599914550782,189.0604995727539,180.11082153320314
2025-08-06,196.9199981689453,196.9199981689453,197.3800048828125,194.4669952392578,195.25,15383700,Google,GOOG,194.53699951171876,190.02349929809571,180.66149353027345
2025-08-07,197.27999877929688,197.27999877929688,198.3699951171875,195.22000122070312,197.7100067138672,14660600,Google,GOOG,194.94499969482422,190.95249938964844,181.1316711425781
2025-08-08,202.08999633789062,202.08999633789062,203.42999267578125,197.89999389648438,197.97999572753906,24379900,Google,GOOG,195.74599914550782,191.9914993286133,181.7100338745117
2025-08-11,201.6300048828125,201.6300048828125,202.16000366210938,199.8000030517578,201.55499267578125,16690200,Google,GOOG,196.56699981689454,192.93249969482423,182.28758666992186
2025-08-12,204.16000366210938,204.16000366210938,205.1300048828125,201.39999389648438,202.09500122070312,19854000,Google,GOOG,197.34000091552736,193.9854995727539,182.91793701171875
2025-08-13,203.02999877929688,203.02999877929688,205.42999267578125,198.63999938964844,204.97999572753906,19573000,Google,GOOG,197.8990005493164,194.9484992980957,183.5752279663086
2025-08-14,203.82000732421875,203.82000732421875,205.4199981689453,202.3249969482422,202.55999755859375,17777100,Google,GOOG,198.99500122070313,195.90449981689454,184.30145477294923
2025-08-15,204.91000366210938,204.91000366210938,207.3300018310547,202.0850067138672,204.72000122070312,21111400,Google,GOOG,200.49100189208986,196.85299987792968,185.01592224121094
2025-08-18,204.2899932861328,204.2899932861328,206.13999938964844,203.41000366210938,205.07000732421875,13000200,Google,GOOG,201.34500122070312,197.5099998474121,185.709599609375
2025-08-19,202.49000549316406,202.49000549316406,204.2899932861328,200.92999267578125,203.90499877929688,13476600,Google,GOOG,202.06200103759767,198.02900009155275,186.26519989013673
2025-08-20,200.19000244140625,200.19000244140625,202.1699981689453,197.4600067138672,201.67999267578125,13971700,Google,GOOG,202.38900146484374,198.46300048828124,186.7163998413086
2025-08-21,200.6199951171875,200.6199951171875,203.36000061035156,200.39999389648438,200.72000122070312,11768900,Google,GOOG,202.7230010986328,198.83400039672853,187.12859985351562
2025-08-22,206.72000122070312,206.72000122070312,209.22999572753906,202.1300048828125,203.9600067138672,25723700,Google,GOOG,203.18600158691407,199.46600036621095,187.68720001220703
2025-08-25,209.16000366210938,209.16000366210938,211.08999633789062,205.9499969482422,207.0,22788800,Google,GOOG,203.93900146484376,200.25300064086915,188.33100006103516
2025-08-26,207.9499969482422,207.9499969482422,208.4600067138672,206.4499969482422,208.3699951171875,23051000,Google,GOOG,204.31800079345703,200.8290008544922,188.97239990234374
2025-08-27,208.2100067138672,208.2100067138672,209.57000732421875,206.38999938964844,206.4600067138672,15249000,Google,GOOG,204.83600158691405,201.36750106811525,189.57779998779296
