Price,Adj Close,Close,High,Low,Open,Volume
Ticker,BBCA.JK,BBCA.JK,BBCA.JK,BBCA.JK,BBCA.JK,BBCA.JK
Date,,,,,,
2023-08-28,8639.8115234375,9200.0,9250.0,9200.0,9250.0,44423100
2023-08-29,8686.7666015625,9250.0,9300.0,9200.0,9275.0,45428500
2023-08-30,8639.8115234375,9200.0,9300.0,9200.0,9300.0,56227000
2023-08-31,8616.3330078125,9175.0,9225.0,9100.0,9200.0,136107200
2023-09-01,8663.2890625,9225.0,9275.0,9175.0,9200.0,42152700
2023-09-04,8663.2890625,9225.0,9275.0,9175.0,9225.0,40610600
2023-09-05,8663.2890625,9225.0,9250.0,9200.0,9250.0,42007200
2023-09-06,8592.8564453125,9150.0,9250.0,9150.0,9200.0,49318400
2023-09-07,8616.3330078125,9175.0,9175.0,9100.0,9125.0,61405200
2023-09-08,8569.37890625,9125.0,9150.0,9050.0,9100.0,80732300
2023-09-11,8569.37890625,9125.0,9125.0,9075.0,9075.0,53155900
2023-09-12,8545.9013671875,9100.0,9125.0,9075.0,9100.0,66479000
2023-09-13,8522.4228515625,9075.0,9075.0,9000.0,9050.0,69490200
2023-09-14,8545.9013671875,9100.0,9125.0,9000.0,9000.0,112757900
2023-09-15,8451.990234375,9000.0,9100.0,9000.0,9050.0,121005300
2023-09-18,8451.990234375,9000.0,9075.0,9000.0,9050.0,34272200
2023-09-19,8522.4228515625,9075.0,9075.0,8975.0,9000.0,33325800
2023-09-20,8592.8564453125,9150.0,9175.0,9075.0,9125.0,54305500
2023-09-21,8569.37890625,9125.0,9150.0,9075.0,9125.0,40607000
2023-09-22,8522.4228515625,9075.0,9150.0,9075.0,9125.0,42445300
2023-09-25,8451.990234375,9000.0,9075.0,9000.0,9075.0,56132200
2023-09-26,8405.033203125,8950.0,9025.0,8950.0,9000.0,73544700
2023-09-27,8334.6005859375,8875.0,9000.0,8875.0,8900.0,84345000
2023-09-29,8287.6455078125,8825.0,8900.0,8825.0,8825.0,118960000
2023-10-02,8522.4228515625,9075.0,9100.0,8875.0,8900.0,93663000
2023-10-03,8639.8115234375,9200.0,9200.0,9025.0,9075.0,98380200
2023-10-04,8639.8115234375,9200.0,9250.0,9125.0,9200.0,112582800
2023-10-05,8522.4228515625,9075.0,9200.0,9075.0,9200.0,72855700
2023-10-06,8475.4677734375,9025.0,9100.0,9025.0,9100.0,53344400
2023-10-09,8498.9453125,9050.0,9125.0,9025.0,9025.0,43774500
2023-10-10,8381.556640625,8925.0,9000.0,8925.0,9000.0,71966100
2023-10-11,8381.556640625,8925.0,9025.0,8925.0,8925.0,84305800
2023-10-12,8498.9453125,9050.0,9100.0,9000.0,9000.0,71064500
2023-10-13,8522.4228515625,9075.0,9125.0,9025.0,9100.0,62941800
2023-10-16,8545.9013671875,9100.0,9125.0,9050.0,9125.0,29429200
2023-10-17,8405.033203125,8950.0,9075.0,8950.0,9050.0,59606000
2023-10-18,8311.123046875,8850.0,8950.0,8850.0,8925.0,50919200
2023-10-19,8217.212890625,8750.0,8850.0,8750.0,8825.0,89509700
2023-10-20,8428.51171875,8975.0,9025.0,8725.0,8725.0,64554500
2023-10-23,8311.123046875,8850.0,8925.0,8850.0,8875.0,50633500
2023-10-24,8240.689453125,8775.0,8875.0,8775.0,8775.0,76963200
2023-10-25,8334.6005859375,8875.0,8925.0,8825.0,8825.0,54748400
2023-10-26,8193.7353515625,8725.0,8950.0,8725.0,8925.0,63199400
2023-10-27,8170.25634765625,8700.0,8800.0,8700.0,8725.0,52450700
2023-10-30,8311.123046875,8850.0,8850.0,8700.0,8700.0,51958200
2023-10-31,8217.212890625,8750.0,8825.0,8725.0,8800.0,64907600
2023-11-01,8076.345703125,8600.0,8775.0,8600.0,8750.0,67027600
2023-11-02,8311.123046875,8850.0,8900.0,8725.0,8725.0,56050900
2023-11-03,8358.078125,8900.0,8950.0,8850.0,8925.0,60414100
2023-11-06,8498.9453125,9050.0,9050.0,8950.0,8975.0,84994200
2023-11-07,8428.51171875,8975.0,9025.0,8900.0,9000.0,60648200
2023-11-08,8451.990234375,9000.0,9000.0,8900.0,8950.0,31829300
2023-11-09,8451.990234375,9000.0,9050.0,8900.0,8900.0,46076800
2023-11-10,8287.6455078125,8825.0,9000.0,8825.0,8950.0,50754600
2023-11-13,8334.6005859375,8875.0,8925.0,8850.0,8875.0,20827700
2023-11-14,8381.556640625,8925.0,8950.0,8875.0,8900.0,37195700
2023-11-15,8498.9453125,9050.0,9050.0,8950.0,8975.0,84977900
2023-11-16,8522.4228515625,9075.0,9075.0,8950.0,9050.0,48714300
2023-11-17,8522.4228515625,9075.0,9075.0,8975.0,9025.0,57050500
2023-11-20,8334.6005859375,8875.0,9025.0,8875.0,8975.0,49216000
2023-11-21,8240.689453125,8775.0,8900.0,8775.0,8825.0,107614800
2023-11-22,8334.6005859375,8875.0,8875.0,8775.0,8775.0,40364800
2023-11-23,8381.556640625,8925.0,8975.0,8850.0,8850.0,55542100
2023-11-24,8381.556640625,8925.0,8975.0,8900.0,8925.0,43631900
2023-11-27,8334.6005859375,8875.0,8950.0,8875.0,8900.0,35679000
2023-11-28,8334.6005859375,8875.0,8950.0,8850.0,8875.0,69070600
2023-11-29,8358.078125,8900.0,8950.0,8900.0,8900.0,54715600
2023-11-30,8428.51171875,8975.0,8975.0,8900.0,8925.0,205312100
2023-12-01,8405.033203125,8950.0,8975.0,8900.0,8925.0,80566400
2023-12-04,8421.546875,8925.0,9025.0,8925.0,8950.0,54747400
2023-12-05,8397.9560546875,8900.0,8950.0,8825.0,8950.0,94363900
2023-12-06,8303.59765625,8800.0,8950.0,8800.0,8850.0,81852800
2023-12-07,8327.1875,8825.0,8825.0,8725.0,8750.0,91322500
2023-12-08,8256.41796875,8750.0,8850.0,8750.0,8800.0,43891600
2023-12-11,8256.41796875,8750.0,8775.0,8675.0,8675.0,78642800
2023-12-12,8209.23828125,8700.0,8750.0,8700.0,8700.0,87589300
2023-12-13,8185.6494140625,8675.0,8750.0,8675.0,8700.0,51560500
2023-12-14,8539.4951171875,9050.0,9050.0,8750.0,8775.0,115332800
2023-12-15,8704.6240234375,9225.0,9225.0,9075.0,9125.0,275013500
2023-12-18,8681.03515625,9200.0,9225.0,9150.0,9200.0,111712200
2023-12-19,8728.2138671875,9250.0,9250.0,9125.0,9125.0,65174500
2023-12-20,8775.3935546875,9300.0,9300.0,9225.0,9250.0,72938100
2023-12-21,8798.982421875,9325.0,9325.0,9250.0,9300.0,88116700
2023-12-22,8798.982421875,9325.0,9350.0,9275.0,9275.0,64449600
2023-12-27,8846.162109375,9375.0,9400.0,9325.0,9375.0,64464700
2023-12-28,8869.7529296875,9400.0,9425.0,9325.0,9325.0,70184600
2023-12-29,8869.7529296875,9400.0,9450.0,9350.0,9425.0,79903400
2024-01-02,8893.341796875,9425.0,9425.0,9350.0,9400.0,30545200
2024-01-03,8822.5732421875,9350.0,9425.0,9325.0,9425.0,34603300
2024-01-04,8940.521484375,9475.0,9475.0,9375.0,9400.0,56501800
2024-01-05,9034.880859375,9575.0,9600.0,9475.0,9500.0,85290100
2024-01-08,9034.880859375,9575.0,9625.0,9475.0,9600.0,50896000
2024-01-09,9082.060546875,9625.0,9625.0,9575.0,9600.0,59848600
2024-01-10,9011.291015625,9550.0,9650.0,9550.0,9650.0,52774900
2024-01-11,9034.880859375,9575.0,9650.0,9575.0,9625.0,39381500
2024-01-12,9152.8291015625,9700.0,9700.0,9600.0,9650.0,68253400
2024-01-15,9176.4189453125,9725.0,9750.0,9650.0,9750.0,88399500
2024-01-16,9152.8291015625,9700.0,9750.0,9675.0,9700.0,44869200
2024-01-17,9200.0087890625,9750.0,9750.0,9650.0,9750.0,107706100
2024-01-18,9129.240234375,9675.0,9750.0,9625.0,9675.0,71048900
2024-01-19,9082.060546875,9625.0,9775.0,9600.0,9775.0,63176500
2024-01-22,9082.060546875,9625.0,9650.0,9525.0,9600.0,52868300
2024-01-23,9058.4697265625,9600.0,9600.0,9450.0,9450.0,92348600
2024-01-24,8987.701171875,9525.0,9600.0,9475.0,9600.0,84906000
2024-01-25,8964.111328125,9500.0,9575.0,9450.0,9450.0,63212700
2024-01-26,8822.5732421875,9350.0,9450.0,9300.0,9400.0,78977300
2024-01-29,9011.291015625,9550.0,9550.0,9375.0,9400.0,73452800
2024-01-30,9105.6494140625,9650.0,9650.0,9475.0,9500.0,73136400
2024-01-31,9011.291015625,9550.0,9700.0,9550.0,9700.0,102581200
2024-02-01,9152.8291015625,9700.0,9725.0,9575.0,9650.0,104208700
2024-02-02,9152.8291015625,9700.0,9800.0,9625.0,9775.0,99324000
2024-02-05,9034.880859375,9575.0,9675.0,9525.0,9675.0,57983300
2024-02-06,9082.060546875,9625.0,9750.0,9625.0,9750.0,87651000
2024-02-07,9152.8291015625,9700.0,9725.0,9650.0,9700.0,92953500
2024-02-12,9247.1884765625,9800.0,9800.0,9700.0,9750.0,87949400
2024-02-13,9176.4189453125,9725.0,9800.0,9700.0,9750.0,66072400
2024-02-15,9294.3681640625,9850.0,9975.0,9850.0,9950.0,164748900
2024-02-16,9388.7275390625,9950.0,10000.0,9875.0,9975.0,142277200
2024-02-19,9317.9580078125,9875.0,9975.0,9825.0,9900.0,53341300
2024-02-20,9459.4970703125,10025.0,10025.0,9850.0,9850.0,63997700
2024-02-21,9412.3173828125,9975.0,10000.0,9850.0,9950.0,75371600
2024-02-22,9317.9580078125,9875.0,9975.0,9875.0,9975.0,66913000
2024-02-23,9270.779296875,9825.0,9925.0,9800.0,9900.0,55192300
2024-02-26,9247.1884765625,9800.0,9875.0,9725.0,9750.0,41356000
2024-02-27,9317.9580078125,9875.0,9900.0,9750.0,9750.0,43735800
2024-02-28,9435.90625,10000.0,10000.0,9900.0,9975.0,54043100
2024-02-29,9317.9580078125,9875.0,10000.0,9850.0,10000.0,126671200
2024-03-01,9270.779296875,9825.0,9925.0,9800.0,9900.0,51520600
2024-03-04,9200.0087890625,9750.0,9825.0,9750.0,9800.0,43822900
2024-03-05,9247.1884765625,9800.0,9900.0,9775.0,9900.0,61952900
2024-03-06,9388.7275390625,9950.0,10000.0,9775.0,9900.0,70242200
2024-03-07,9553.85546875,10125.0,10175.0,10000.0,10050.0,118369300
2024-03-08,9577.4462890625,10150.0,10300.0,10125.0,10250.0,100947200
2024-03-13,9435.90625,10000.0,10400.0,10000.0,10400.0,141622600
2024-03-14,9742.5732421875,10325.0,10325.0,10025.0,10050.0,110681100
2024-03-15,9577.4462890625,10150.0,10300.0,10050.0,10200.0,154176800
2024-03-18,9577.4462890625,10150.0,10275.0,10150.0,10175.0,62444100
2024-03-19,9601.03515625,10175.0,10250.0,10150.0,10150.0,55004800
2024-03-20,9553.85546875,10125.0,10150.0,10075.0,10100.0,66269700
2024-03-21,9553.85546875,10125.0,10225.0,10050.0,10175.0,90279400
2024-03-22,9530.265625,10100.0,10125.0,9950.0,10000.0,91968200
2024-03-25,9725.74609375,10075.0,10075.0,9925.0,10075.0,66971000
2024-03-26,9701.6123046875,10050.0,10050.0,9950.0,10050.0,65742700
2024-03-27,9725.74609375,10075.0,10075.0,10000.0,10025.0,39514100
2024-03-28,9725.74609375,10075.0,10100.0,9975.0,10025.0,79229700
2024-04-01,9508.5458984375,9850.0,10100.0,9825.0,10075.0,79248700
2024-04-02,9556.8125,9900.0,9950.0,9800.0,9925.0,76763100
2024-04-03,9194.8125,9525.0,9800.0,9525.0,9750.0,177418400
2024-04-04,9508.5458984375,9850.0,9850.0,9575.0,9575.0,75993500
2024-04-05,9484.4130859375,9825.0,9950.0,9825.0,9950.0,70428600
2024-04-16,9146.544921875,9475.0,9575.0,9250.0,9350.0,283265900
2024-04-17,9194.8125,9525.0,9675.0,9525.0,9550.0,95620700
2024-04-18,9146.544921875,9475.0,9575.0,9450.0,9525.0,127134000
2024-04-19,9146.544921875,9475.0,9500.0,9300.0,9350.0,147784300
2024-04-22,9025.87890625,9350.0,9425.0,9350.0,9400.0,128908000
2024-04-23,9387.8798828125,9725.0,9775.0,9400.0,9400.0,178833000
2024-04-24,9605.0791015625,9950.0,9950.0,9750.0,9825.0,132832700
2024-04-25,9436.1455078125,9775.0,10000.0,9700.0,10000.0,104874100
2024-04-26,9291.345703125,9625.0,9825.0,9625.0,9700.0,100932900
2024-04-29,9460.279296875,9800.0,9850.0,9525.0,9525.0,90063500
2024-04-30,9460.279296875,9800.0,10050.0,9800.0,10050.0,109623000
2024-05-02,9218.9453125,9550.0,9900.0,9500.0,9900.0,97079400
2024-05-03,9508.5458984375,9850.0,9850.0,9675.0,9750.0,81200400
2024-05-06,9460.279296875,9800.0,9875.0,9775.0,9850.0,53076200
2024-05-07,9363.74609375,9700.0,9750.0,9625.0,9700.0,66746800
2024-05-08,9050.01171875,9375.0,9700.0,9375.0,9600.0,112808900
2024-05-13,9194.8125,9525.0,9525.0,9200.0,9200.0,145469900
2024-05-14,9218.9453125,9550.0,9675.0,9525.0,9625.0,95363500
2024-05-15,9170.6787109375,9500.0,9600.0,9425.0,9500.0,54741900
2024-05-16,9267.2119140625,9600.0,9675.0,9525.0,9575.0,61126000
2024-05-17,9412.01171875,9750.0,9850.0,9575.0,9600.0,99848500
2024-05-20,9146.544921875,9475.0,9800.0,9475.0,9700.0,87890100
2024-05-21,9050.01171875,9375.0,9575.0,9375.0,9450.0,75311400
2024-05-22,9098.279296875,9425.0,9575.0,9325.0,9475.0,121712700
2024-05-27,8977.6123046875,9300.0,9375.0,9275.0,9300.0,128578500
2024-05-28,8977.6123046875,9300.0,9400.0,9300.0,9300.0,73945700
2024-05-29,8832.8125,9150.0,9325.0,9150.0,9275.0,117351600
2024-05-30,8688.01171875,9000.0,9250.0,8775.0,9000.0,207115100
2024-05-31,8929.345703125,9250.0,9250.0,9025.0,9100.0,756431600
2024-06-03,8953.478515625,9275.0,9350.0,9225.0,9350.0,72197700
2024-06-04,9025.87890625,9350.0,9525.0,9350.0,9525.0,75353100
2024-06-05,9122.4130859375,9450.0,9500.0,9300.0,9500.0,82087300
2024-06-06,9146.544921875,9475.0,9525.0,9450.0,9525.0,44991300
2024-06-07,9001.7451171875,9325.0,9500.0,9325.0,9500.0,51599800
2024-06-10,9194.8125,9525.0,9525.0,9450.0,9500.0,45584700
2024-06-11,8977.6123046875,9300.0,9550.0,9300.0,9550.0,68690900
2024-06-12,8929.345703125,9250.0,9325.0,9250.0,9300.0,49785700
2024-06-13,8881.078125,9200.0,9475.0,9200.0,9475.0,84652200
2024-06-14,8881.078125,9200.0,9250.0,9100.0,9200.0,52986300
2024-06-19,8736.2783203125,9050.0,9250.0,9050.0,9250.0,100051000
2024-06-20,9098.279296875,9425.0,9425.0,9100.0,9150.0,81474800
2024-06-21,9267.2119140625,9600.0,9675.0,9400.0,9475.0,166841200
2024-06-24,9267.2119140625,9600.0,9750.0,9575.0,9600.0,79592300
2024-06-25,9267.2119140625,9600.0,9600.0,9450.0,9600.0,80029000
2024-06-26,9170.6787109375,9500.0,9650.0,9450.0,9525.0,77913200
2024-06-27,9412.01171875,9750.0,9750.0,9550.0,9575.0,89150700
2024-06-28,9580.9462890625,9925.0,9975.0,9775.0,9800.0,166172300
2024-07-01,9532.6796875,9875.0,9900.0,9825.0,9850.0,68634600
2024-07-02,9556.8125,9900.0,10000.0,9850.0,10000.0,78848500
2024-07-03,9653.3466796875,10000.0,10000.0,9925.0,9975.0,55860200
2024-07-04,9484.4130859375,9825.0,10000.0,9825.0,9975.0,67054000
2024-07-05,9605.0791015625,9950.0,9975.0,9875.0,9925.0,36946900
2024-07-08,9701.6123046875,10050.0,10050.0,9950.0,10000.0,72903600
2024-07-09,9725.74609375,10075.0,10150.0,10075.0,10100.0,61853200
2024-07-10,9749.8798828125,10100.0,10225.0,10050.0,10175.0,62325900
2024-07-11,9725.74609375,10075.0,10125.0,10000.0,10000.0,55908400
2024-07-12,9725.74609375,10075.0,10100.0,10025.0,10050.0,62646500
2024-07-15,9701.6123046875,10050.0,10075.0,9950.0,10050.0,36682600
2024-07-16,9605.0791015625,9950.0,10025.0,9950.0,9975.0,37192700
2024-07-17,9460.279296875,9800.0,9950.0,9800.0,9900.0,90666000
2024-07-18,9749.8798828125,10100.0,10100.0,9800.0,9800.0,65383200
2024-07-19,9774.013671875,10125.0,10125.0,9975.0,10050.0,53880300
2024-07-22,9749.8798828125,10100.0,10150.0,10100.0,10125.0,31285300
2024-07-23,9822.279296875,10175.0,10200.0,10125.0,10200.0,39321100
2024-07-24,9725.74609375,10075.0,10175.0,10075.0,10125.0,24658000
2024-07-25,9942.9462890625,10300.0,10300.0,10200.0,10225.0,98088100
2024-07-26,9967.080078125,10325.0,10400.0,10300.0,10375.0,75565800
2024-07-29,9894.6796875,10250.0,10425.0,10175.0,10400.0,69092500
2024-07-30,9822.279296875,10175.0,10300.0,10175.0,10300.0,32122900
2024-07-31,9918.8134765625,10275.0,10350.0,10225.0,10350.0,82519900
2024-08-01,10015.3466796875,10375.0,10375.0,10200.0,10200.0,61176200
2024-08-02,9846.4130859375,10200.0,10350.0,10200.0,10275.0,55699900
2024-08-05,9532.6796875,9875.0,10150.0,9875.0,10000.0,126328300
2024-08-06,9653.3466796875,10000.0,10075.0,9950.0,10075.0,78473900
2024-08-07,9749.8798828125,10100.0,10100.0,10000.0,10000.0,52327400
2024-08-08,9870.546875,10225.0,10225.0,10075.0,10150.0,54162100
2024-08-09,9798.146484375,10150.0,10250.0,10100.0,10225.0,47062400
2024-08-12,9846.4130859375,10200.0,10200.0,10075.0,10100.0,40364100
2024-08-13,9942.9462890625,10300.0,10300.0,10175.0,10250.0,55207100
2024-08-14,9846.4130859375,10200.0,10300.0,10200.0,10300.0,47999100
2024-08-15,9870.546875,10225.0,10300.0,10175.0,10200.0,33396600
2024-08-16,9967.080078125,10325.0,10325.0,10250.0,10300.0,40731400
2024-08-19,10015.3466796875,10375.0,10425.0,10275.0,10325.0,51054400
2024-08-20,10063.6142578125,10425.0,10450.0,10300.0,10325.0,60304400
2024-08-21,10063.6142578125,10425.0,10500.0,10425.0,10500.0,84848800
2024-08-22,9967.080078125,10325.0,10400.0,10225.0,10350.0,56611600
2024-08-23,9967.080078125,10325.0,10375.0,10300.0,10325.0,46651600
2024-08-26,9967.080078125,10325.0,10375.0,10250.0,10275.0,35145600
2024-08-27,9846.4130859375,10200.0,10300.0,10175.0,10275.0,60448400
2024-08-28,9991.212890625,10350.0,10350.0,10250.0,10300.0,38489900
2024-08-29,9870.546875,10225.0,10500.0,10225.0,10500.0,53004700
2024-08-30,9967.080078125,10325.0,10325.0,10200.0,10325.0,158403700
2024-09-02,9918.8134765625,10275.0,10375.0,10200.0,10375.0,72008600
2024-09-03,9822.279296875,10175.0,10325.0,10150.0,10325.0,50950200
2024-09-04,9942.9462890625,10300.0,10300.0,10125.0,10150.0,44817000
2024-09-05,9894.6796875,10250.0,10350.0,10250.0,10350.0,39332900
2024-09-06,9942.9462890625,10300.0,10300.0,10225.0,10225.0,31541800
2024-09-09,9918.8134765625,10275.0,10350.0,10200.0,10300.0,36185100
2024-09-10,9991.212890625,10350.0,10350.0,10275.0,10350.0,55093100
2024-09-11,10063.6142578125,10425.0,10425.0,10350.0,10425.0,64621300
2024-09-12,10111.8798828125,10475.0,10500.0,10375.0,10450.0,70759100
2024-09-13,10063.6142578125,10425.0,10425.0,10325.0,10400.0,70057100
2024-09-17,10136.013671875,10500.0,10500.0,10350.0,10450.0,89745000
2024-09-18,10256.6806640625,10625.0,10625.0,10450.0,10500.0,65420200
2024-09-19,10522.1474609375,10900.0,10900.0,10650.0,10700.0,140886600
2024-09-20,10401.48046875,10775.0,10900.0,10775.0,10900.0,142194600
2024-09-23,10570.4140625,10950.0,10950.0,10725.0,10725.0,72553800
2024-09-24,10425.6142578125,10800.0,10950.0,10775.0,10775.0,105191100
2024-09-25,10473.880859375,10850.0,10850.0,10525.0,10675.0,158369100
2024-09-26,10329.0810546875,10700.0,10875.0,10675.0,10875.0,84960100
2024-09-27,10280.8134765625,10650.0,10750.0,10400.0,10500.0,93027400
2024-09-30,9967.080078125,10325.0,10550.0,10325.0,10475.0,144692100
2024-10-01,10184.2802734375,10550.0,10550.0,10375.0,10400.0,59797700
2024-10-02,10136.013671875,10500.0,10550.0,10325.0,10325.0,86746200
2024-10-03,10087.74609375,10450.0,10525.0,10400.0,10450.0,60887000
2024-10-04,10111.8798828125,10475.0,10475.0,10350.0,10400.0,58500400
2024-10-07,9942.9462890625,10300.0,10375.0,10250.0,10350.0,91867900
2024-10-08,10039.48046875,10400.0,10500.0,10150.0,10200.0,99622900
2024-10-09,10063.6142578125,10425.0,10525.0,10400.0,10400.0,56835200
2024-10-10,10136.013671875,10500.0,10500.0,10400.0,10425.0,51080000
2024-10-11,10015.3466796875,10375.0,10575.0,10375.0,10575.0,44632100
2024-10-14,10136.013671875,10500.0,10500.0,10375.0,10375.0,31738600
2024-10-15,10256.6806640625,10625.0,10625.0,10450.0,10550.0,66635200
2024-10-16,10111.8798828125,10475.0,10725.0,10475.0,10700.0,63255900
2024-10-17,10353.212890625,10725.0,10800.0,10500.0,10550.0,66993300
2024-10-18,10377.3466796875,10750.0,10875.0,10725.0,10875.0,56299600
2024-10-21,10304.947265625,10675.0,10850.0,10675.0,10850.0,36472500
2024-10-22,10136.013671875,10500.0,10600.0,10475.0,10475.0,94799500
2024-10-23,10280.8134765625,10650.0,10650.0,10475.0,10475.0,48903000
2024-10-24,10329.0810546875,10700.0,10850.0,10700.0,10725.0,85341200
2024-10-25,10377.3466796875,10750.0,10750.0,10625.0,10650.0,34847500
2024-10-28,10232.546875,10600.0,10825.0,10600.0,10825.0,39061500
2024-10-29,10136.013671875,10500.0,10575.0,10500.0,10525.0,49680100
2024-10-30,9991.212890625,10350.0,10400.0,10275.0,10275.0,114484100
2024-10-31,9894.6796875,10250.0,10475.0,10250.0,10325.0,97553400
2024-11-01,10063.6142578125,10425.0,10425.0,10275.0,10275.0,47710000
2024-11-04,10015.3466796875,10375.0,10500.0,10300.0,10425.0,49275700
2024-11-05,10136.013671875,10500.0,10575.0,10300.0,10300.0,50296500
2024-11-06,10087.74609375,10450.0,10500.0,10375.0,10475.0,50324900
2024-11-07,9822.279296875,10175.0,10450.0,10175.0,10325.0,131579100
2024-11-08,9725.74609375,10075.0,10225.0,10050.0,10200.0,92166100
2024-11-11,9701.6123046875,10050.0,10050.0,9800.0,9800.0,128707600
2024-11-12,9798.146484375,10150.0,10225.0,10000.0,10100.0,80378500
2024-11-13,9798.146484375,10150.0,10250.0,10150.0,10225.0,62933100
2024-11-14,9749.8798828125,10100.0,10175.0,10050.0,10125.0,56381400
2024-11-15,9822.279296875,10175.0,10275.0,10050.0,10050.0,63598200
2024-11-18,9653.3466796875,10000.0,10125.0,10000.0,10075.0,65716200
2024-11-19,9580.9462890625,9925.0,10025.0,9900.0,9900.0,85295300
2024-11-20,9725.74609375,10075.0,10150.0,10000.0,10025.0,58584400
2024-11-21,9555.970703125,9850.0,10000.0,9850.0,10000.0,93181200
2024-11-22,9555.970703125,9850.0,9950.0,9850.0,9925.0,58396100
2024-11-25,9871.2685546875,10175.0,10200.0,9900.0,9950.0,165369400
2024-11-26,9701.4931640625,10000.0,10250.0,10000.0,10250.0,62310100
2024-11-28,9701.4931640625,10000.0,10075.0,9925.0,9975.0,57443500
2024-11-29,9701.4931640625,10000.0,10100.0,9950.0,10000.0,76886000
2024-12-02,9458.955078125,9750.0,10050.0,9750.0,10000.0,87879600
2024-12-03,9895.5224609375,10200.0,10225.0,9900.0,10025.0,126087100
2024-12-04,9895.5224609375,10200.0,10250.0,10050.0,10175.0,97876300
2024-12-05,9944.0302734375,10250.0,10350.0,10225.0,10250.0,96904400
2024-12-06,9774.25390625,10075.0,10175.0,10050.0,10100.0,68247200
2024-12-09,10041.044921875,10350.0,10350.0,10000.0,10025.0,64458400
2024-12-10,10041.044921875,10350.0,10350.0,10275.0,10325.0,61230400
2024-12-11,10113.806640625,10425.0,10425.0,10225.0,10225.0,37934300
2024-12-12,9871.2685546875,10175.0,10375.0,10175.0,10300.0,44780100
2024-12-13,9750.0,10050.0,10225.0,10025.0,10125.0,75126400
2024-12-16,9798.5078125,10100.0,10125.0,10000.0,10000.0,57746100
2024-12-17,9604.4775390625,9900.0,10050.0,9900.0,9950.0,99845900
2024-12-18,9507.462890625,9800.0,10025.0,9800.0,9900.0,84868500
2024-12-19,9386.1943359375,9675.0,9775.0,9550.0,9700.0,104254100
2024-12-20,9361.9404296875,9650.0,9750.0,9625.0,9650.0,91576900
2024-12-23,9483.208984375,9775.0,9850.0,9700.0,9700.0,43292100
2024-12-24,9458.955078125,9750.0,9900.0,9750.0,9850.0,32415700
2024-12-27,9507.462890625,9800.0,9825.0,9725.0,9800.0,24016700
2024-12-30,9386.1943359375,9675.0,9825.0,9675.0,9800.0,56350100
2025-01-02,9604.4775390625,9900.0,9900.0,9650.0,9650.0,38124800
2025-01-03,9555.970703125,9850.0,9925.0,9825.0,9850.0,41916000
2025-01-06,9386.1943359375,9675.0,9875.0,9650.0,9850.0,41593900
2025-01-07,9240.671875,9525.0,9725.0,9525.0,9675.0,71318600
2025-01-08,9386.1943359375,9675.0,9775.0,9575.0,9675.0,55943100
2025-01-09,9555.970703125,9850.0,9875.0,9725.0,9750.0,42733800
2025-01-10,9434.7021484375,9725.0,9925.0,9725.0,9800.0,72531300
2025-01-13,9386.1943359375,9675.0,9725.0,9625.0,9625.0,88270100
2025-01-14,9240.671875,9525.0,9725.0,9525.0,9600.0,70942600
2025-01-15,9507.462890625,9800.0,9800.0,9550.0,9575.0,77098000
2025-01-16,9458.955078125,9750.0,9925.0,9750.0,9850.0,76979000
2025-01-17,9604.4775390625,9900.0,9900.0,9650.0,9750.0,71033100
2025-01-20,9337.6865234375,9625.0,9875.0,9625.0,9850.0,112111200
2025-01-21,9289.1796875,9575.0,9675.0,9550.0,9600.0,124547900
2025-01-22,9313.4326171875,9600.0,9675.0,9575.0,9650.0,90154800
2025-01-23,9313.4326171875,9600.0,9750.0,9600.0,9600.0,120515400
2025-01-24,9070.8955078125,9350.0,9650.0,9350.0,9625.0,152057000
2025-01-30,8876.8662109375,9150.0,9275.0,9150.0,9150.0,154645800
2025-01-31,9167.9111328125,9450.0,9500.0,9225.0,9250.0,112982800
2025-02-03,9070.8955078125,9350.0,9400.0,9225.0,9400.0,90439900
2025-02-04,8901.1201171875,9175.0,9400.0,9175.0,9350.0,94607700
2025-02-05,8852.6123046875,9125.0,9175.0,9100.0,9100.0,98229900
2025-02-06,8682.8359375,8950.0,9100.0,8850.0,9075.0,171477800
2025-02-07,9070.8955078125,9350.0,9350.0,8825.0,8950.0,131162200
2025-02-10,8876.8662109375,9150.0,9250.0,9025.0,9025.0,76209100
2025-02-11,8804.1044921875,9075.0,9100.0,9000.0,9025.0,71188300
2025-02-12,8876.8662109375,9150.0,9150.0,8950.0,8950.0,121172600
2025-02-13,8731.34375,9000.0,9150.0,9000.0,9100.0,90439700
2025-02-14,8707.08984375,8975.0,9075.0,8950.0,9000.0,116274500
2025-02-17,9046.6416015625,9325.0,9325.0,8975.0,8975.0,89096400
2025-02-18,9022.388671875,9300.0,9575.0,9250.0,9325.0,107318300
2025-02-19,8682.8359375,8950.0,9250.0,8950.0,9225.0,154438200
2025-02-20,8731.34375,9000.0,9025.0,8950.0,8975.0,119260800
2025-02-21,8731.34375,9000.0,9000.0,8925.0,8950.0,106054700
2025-02-24,8658.58203125,8925.0,8975.0,8875.0,8925.0,108530300
2025-02-25,8561.5673828125,8825.0,9000.0,8825.0,8900.0,101592700
2025-02-26,8513.0595703125,8775.0,8900.0,8725.0,8800.0,117843500
2025-02-27,8270.5224609375,8525.0,8800.0,8500.0,8800.0,199991600
2025-02-28,8173.5078125,8425.0,8675.0,8425.0,8525.0,293095000
2025-03-03,8537.3134765625,8800.0,8900.0,8550.0,8600.0,192944300
2025-03-04,8585.8212890625,8850.0,8925.0,8675.0,8900.0,125418500
2025-03-05,8731.34375,9000.0,9175.0,8825.0,8825.0,155207900
2025-03-06,8707.08984375,8975.0,9200.0,8975.0,9200.0,96270100
2025-03-07,8658.58203125,8925.0,9000.0,8925.0,9000.0,82295300
2025-03-10,8658.58203125,8925.0,8975.0,8725.0,8750.0,97652100
2025-03-11,8658.58203125,8925.0,9050.0,8875.0,8950.0,109295600
2025-03-12,8852.6123046875,9125.0,9125.0,8975.0,9025.0,87968900
2025-03-13,8707.08984375,8975.0,9175.0,8975.0,9150.0,83030700
2025-03-14,8488.806640625,8750.0,8925.0,8750.0,8800.0,111397800
2025-03-17,8343.2841796875,8600.0,8775.0,8550.0,8750.0,151365700
2025-03-18,8052.23876953125,8300.0,8550.0,8075.0,8500.0,417305700
2025-03-19,8076.49267578125,8325.0,8400.0,8225.0,8300.0,214108200
2025-03-20,8125.0,8375.0,8475.0,8350.0,8450.0,152917300
2025-03-21,7900.0,7900.0,8275.0,7900.0,8275.0,377916400
2025-03-24,7950.0,7950.0,8100.0,7625.0,7825.0,331836800
2025-03-25,8050.0,8050.0,8150.0,8000.0,8075.0,136341700
2025-03-26,8525.0,8525.0,8650.0,8275.0,8300.0,283104600
2025-03-27,8500.0,8500.0,8575.0,8375.0,8425.0,122943900
2025-04-08,7775.0,7775.0,8000.0,7275.0,7400.0,533073600
2025-04-09,7925.0,7925.0,7950.0,7675.0,7700.0,136753900
2025-04-10,8225.0,8225.0,8650.0,8175.0,8500.0,144148600
2025-04-11,8275.0,8275.0,8325.0,8050.0,8200.0,82603000
2025-04-14,8400.0,8400.0,8400.0,8250.0,8250.0,83319300
2025-04-15,8575.0,8575.0,8600.0,8450.0,8575.0,83431800
2025-04-16,8475.0,8475.0,8550.0,8425.0,8500.0,76874900
2025-04-17,8500.0,8500.0,8500.0,8350.0,8450.0,83540600
2025-04-21,8300.0,8300.0,8500.0,8300.0,8500.0,40683800
2025-04-22,8500.0,8500.0,8500.0,8325.0,8325.0,56537100
2025-04-23,8725.0,8725.0,8725.0,8550.0,8550.0,92329600
2025-04-24,8475.0,8475.0,8850.0,8475.0,8850.0,143675300
2025-04-25,8600.0,8600.0,8650.0,8575.0,8650.0,58297000
2025-04-28,8775.0,8775.0,8775.0,8650.0,8750.0,73235400
2025-04-29,8725.0,8725.0,8825.0,8700.0,8800.0,60315700
2025-04-30,8825.0,8825.0,8925.0,8675.0,8800.0,164597500
2025-05-02,8975.0,8975.0,9000.0,8850.0,9000.0,92219000
2025-05-05,8975.0,8975.0,9050.0,8975.0,9000.0,86385600
2025-05-06,9025.0,9025.0,9050.0,8975.0,9050.0,48860500
2025-05-07,9075.0,9075.0,9100.0,9000.0,9075.0,77382000
2025-05-08,8975.0,8975.0,9200.0,8925.0,9075.0,99614500
2025-05-09,9000.0,9000.0,9050.0,8975.0,9050.0,47167500
2025-05-14,9275.0,9275.0,9300.0,9150.0,9250.0,149002900
2025-05-15,9275.0,9275.0,9400.0,9250.0,9275.0,101401300
2025-05-16,9300.0,9300.0,9325.0,9225.0,9300.0,63007500
2025-05-19,9500.0,9500.0,9500.0,9250.0,9275.0,111597200
2025-05-20,9475.0,9475.0,9675.0,9475.0,9500.0,160614800
2025-05-21,9700.0,9700.0,9725.0,9550.0,9700.0,169739200
2025-05-22,9650.0,9650.0,9800.0,9650.0,9800.0,103113000
2025-05-23,9675.0,9675.0,9700.0,9625.0,9675.0,48521800
2025-05-26,9625.0,9625.0,9650.0,9500.0,9600.0,56625300
2025-05-27,9450.0,9450.0,9600.0,9450.0,9550.0,93212000
2025-05-28,9400.0,9400.0,9550.0,9400.0,9450.0,236950800
2025-06-02,9100.0,9100.0,9175.0,9025.0,9025.0,264428700
2025-06-03,9050.0,9050.0,9125.0,8950.0,9050.0,128318100
2025-06-04,8975.0,8975.0,9125.0,8950.0,9100.0,93357200
2025-06-05,8925.0,8925.0,9050.0,8900.0,9000.0,95529000
2025-06-10,9100.0,9100.0,9100.0,8950.0,8975.0,80406400
2025-06-11,9050.0,9050.0,9125.0,9050.0,9100.0,56632600
2025-06-12,9125.0,9125.0,9125.0,9000.0,9000.0,41337300
2025-06-13,9025.0,9025.0,9125.0,8975.0,9100.0,83318000
2025-06-16,8925.0,8925.0,9000.0,8900.0,8925.0,57825000
2025-06-17,9075.0,9075.0,9100.0,8975.0,8975.0,54927900
2025-06-18,8900.0,8900.0,9025.0,8900.0,8950.0,86270200
2025-06-19,8775.0,8775.0,8925.0,8750.0,8900.0,78879500
2025-06-20,8700.0,8700.0,8875.0,8625.0,8700.0,445915100
2025-06-23,8625.0,8625.0,8700.0,8500.0,8575.0,87324500
2025-06-24,8775.0,8775.0,8850.0,8700.0,8725.0,110158900
2025-06-25,8600.0,8600.0,8775.0,8475.0,8725.0,117561000
2025-06-26,8650.0,8650.0,8650.0,8525.0,8525.0,117281700
2025-06-30,8675.0,8675.0,8825.0,8550.0,8575.0,185441800
2025-07-01,8700.0,8700.0,8775.0,8600.0,8750.0,82364500
2025-07-02,8675.0,8675.0,8675.0,8575.0,8575.0,68545100
2025-07-03,8600.0,8600.0,8750.0,8600.0,8700.0,50370800
2025-07-04,8650.0,8650.0,8700.0,8550.0,8650.0,43593300
2025-07-07,8625.0,8625.0,8650.0,8550.0,8625.0,49936900
2025-07-08,8500.0,8500.0,8600.0,8425.0,8550.0,215611000
2025-07-09,8500.0,8500.0,8550.0,8450.0,8500.0,94459300
2025-07-10,8600.0,8600.0,8650.0,8500.0,8525.0,111769400
2025-07-11,8625.0,8625.0,8675.0,8575.0,8575.0,135986500
2025-07-14,8525.0,8525.0,8675.0,8450.0,8650.0,125196000
2025-07-15,8550.0,8550.0,8600.0,8475.0,8600.0,77219300
2025-07-16,8525.0,8525.0,8600.0,8500.0,8550.0,97475300
2025-07-17,8525.0,8525.0,8550.0,8500.0,8500.0,86016400
2025-07-18,8425.0,8425.0,8575.0,8425.0,8550.0,80432200
2025-07-21,8450.0,8450.0,8500.0,8375.0,8450.0,95383500
2025-07-22,8400.0,8400.0,8475.0,8400.0,8450.0,77981700
2025-07-23,8425.0,8425.0,8500.0,8400.0,8450.0,70969500
2025-07-24,8500.0,8500.0,8550.0,8450.0,8475.0,138256800
2025-07-25,8450.0,8450.0,8525.0,8450.0,8500.0,58682800
2025-07-28,8500.0,8500.0,8625.0,8475.0,8625.0,99484300
2025-07-29,8400.0,8400.0,8500.0,8375.0,8500.0,104240300
2025-07-30,8375.0,8375.0,8475.0,8325.0,8475.0,98098100
2025-07-31,8275.0,8275.0,8375.0,8250.0,8350.0,206006300
2025-08-01,8300.0,8300.0,8425.0,8300.0,8400.0,86196100
2025-08-04,8275.0,8275.0,8350.0,8275.0,8325.0,49054500
2025-08-05,8425.0,8425.0,8450.0,8325.0,8350.0,69475900
2025-08-06,8300.0,8300.0,8425.0,8300.0,8425.0,56325400
2025-08-07,8300.0,8300.0,8350.0,8300.0,8325.0,43621300
2025-08-08,8300.0,8300.0,8400.0,8300.0,8325.0,68378700
2025-08-11,8550.0,8550.0,8550.0,8425.0,8500.0,128561300
2025-08-12,8850.0,8850.0,8875.0,8575.0,8625.0,171015700
2025-08-13,8925.0,8925.0,8975.0,8725.0,8975.0,129083900
2025-08-14,8775.0,8775.0,8950.0,8750.0,8925.0,122930900
2025-08-15,8700.0,8700.0,8850.0,8700.0,8825.0,68754200
2025-08-19,8500.0,8500.0,8600.0,8450.0,8600.0,128591700
2025-08-20,8525.0,8525.0,8600.0,8350.0,8375.0,202260200
2025-08-21,8550.0,8550.0,8575.0,8500.0,8550.0,69470200
2025-08-22,8450.0,8450.0,8575.0,8450.0,8575.0,66394100
2025-08-25,8475.0,8475.0,8550.0,8475.0,8525.0,64052700
2025-08-26,8250.0,8250.0,8475.0,8250.0,8450.0,326794200
2025-08-27,8300.0,8300.0,8350.0,8200.0,8250.0,111915700
